Clutch,Replicate,Male,Female,Population,Tank,Mass,Dry_mass,Chamber,System,Volume,Date_tested,Date_analysed,Swim,Salinity,Temperature,Resting_kg_wet,Resting,rsqrest,Max_kg_wet,Max,rsqmax,AAS_kg_wet,AAS,Notes,True_resting
56,4,CARL217,CARL226,Arlington reef,111,0.0002766,0.0002303,ch1,Dell,0.04672,28/03/2023,19901,good/good,36,28.5,491.7702173,0.136023642,0.992,867.3975756,0.239922169,0.986097477,375.6273583,0.103898527,"Fish deceased, resting may not be reliable",Y
56,5,CARL217,CARL226,Arlington reef,111,0.0005073,0.0004734,ch4,Asus,0.05068,28/03/2023,19901,good/good,36,28.5,489.5918779,0.24836996,0.9828,1332.107726,0.675778249,0.993872435,842.5158476,0.42740829,NA,Y
56,2,CARL217,CARL226,Arlington reef,111,0.0005114,0.0004852,ch3,Dell,0.04999,28/03/2023,19901,good/good,36,28.5,309.773868,0.158418356,0.9838,992.930494,0.507784655,0.990549453,683.156626,0.349366299,NA,Y
56,6,CARL217,CARL226,Arlington reef,111,0.0005597,0.0005164,ch3,Asus,0.04873,28/03/2023,19901,good/good,36,28.5,398.1903168,0.22286712,0.9932,1253.398154,0.701526947,0.991520553,855.2078376,0.478659827,NA,Y
56,3,CARL217,CARL226,Arlington reef,111,0.0005754,0.000556,ch2,Dell,0.04615,28/03/2023,19901,good/good,36,28.5,436.1206144,0.250943802,0.9948,711.8192469,0.409580795,0.9927059,275.6986326,0.158636993,NA,Y
56,8,CARL217,CARL226,Arlington reef,111,0.000579,0.000557,ch1,Asus,0.04565,28/03/2023,19901,good/good,36,28.5,447.1276859,0.25888693,0.9946,977.4653883,0.56595246,0.994972375,530.3377023,0.30706553,NA,Y
56,7,CARL217,CARL226,Arlington reef,111,0.0006566,0.0006142,ch2,Asus,0.04958,28/03/2023,19901,good/good,36,28.5,490.8459852,0.322289474,0.9944,915.8585549,0.601352727,0.992384418,425.0125697,0.279063253,NA,Y
56,1,CARL217,CARL226,Arlington reef,111,0.0006732,0.0006528,ch4,Dell,0.04882,28/03/2023,19901,good/good,36,28.5,320.7091981,0.215901432,0.9912,820.0380242,0.552049598,0.998466467,499.328826,0.336148166,NA,Y
68,6,CARL218,CARL222,Arlington reef,163,0.0004899,0.0004204,ch3,Asus,0.04873,13/04/2023,19900,good/good,36,30,229.2970767,0.112332638,0.982,1014.470444,0.49698907,0.983735622,785.1733671,0.384656433,NA,Y
68,4,CARL218,CARL222,Arlington reef,163,0.000397,0.0003481,ch1,Dell,0.0465,13/04/2023,19900,good/good,36,30,426.24933,0.169220984,0.9962,1273.542475,0.505596363,0.995988459,847.2931451,0.336375379,NA,Y
51,6,CARL218,CARL222,Arlington reef,172,0.0003857,0.0003583,ch3,Asus,0.04873,22/03/2023,19901,good/good,36,30,410.4116894,0.158295789,0.9878,1183.103122,0.456322874,0.992473493,772.6914326,0.298027086,check,Y
68,1,CARL218,CARL222,Arlington reef,163,0.0004418,0.000428,ch4,Dell,0.0486,13/04/2023,19900,good/good,36,30,391.1621977,0.172815459,0.98,1278.406889,0.564800164,0.997880109,887.2446917,0.391984705,NA,Y
51,4,CARL218,CARL222,Arlington reef,172,0.0004564,0.0004348,ch1,Dell,0.04672,22/03/2023,19901,good/good,36,30,614.6406201,0.280521979,0.9946,1498.207826,0.683782052,0.998514507,883.5672061,0.403260073,NA,Y
68,7,CARL218,CARL222,Arlington reef,163,0.000558,0.0005138,ch2,Asus,0.04958,13/04/2023,19900,good/good,36,30,482.5024696,0.269236378,0.9942,1124.559474,0.627504186,0.994554318,642.0570041,0.358267808,NA,Y
51,3,CARL218,CARL222,Arlington reef,172,0.0005977,0.0005142,ch2,Dell,0.04615,22/03/2023,19901,good/good,36,30,324.3434056,0.193860054,0.9874,1224.667903,0.731984006,0.983941259,900.3244972,0.538123952,NA,Y
51,8,CARL218,CARL222,Arlington reef,172,0.0005622,0.0005225,ch1,Asus,0.04565,22/03/2023,19901,good/good,36,30,265.4504678,0.149236253,0.9706,978.1695432,0.549926917,0.991425271,712.7190754,0.400690664,NA,Y
51,7,CARL218,CARL222,Arlington reef,172,0.0005997,0.0005526,ch2,Asus,0.04958,22/03/2023,19901,good/good,36,30,482.2599895,0.289211316,0.9852,930.636392,0.558102644,0.993999108,448.3764025,0.268891329,NA,Y
51,2,CARL218,CARL222,Arlington reef,172,0.0006316,0.000574,ch3,Dell,0.04999,22/03/2023,19901,good/good,36,30,310.5384766,0.196136102,0.9924,969.2079365,0.612151733,0.997667834,658.6694599,0.416015631,check max; second cycle used for max,Y
51,5,CARL218,CARL222,Arlington reef,172,0.0006274,0.0005775,ch4,Asus,0.05068,22/03/2023,19901,good/good,36,30,423.5004158,0.265704161,0.9906,1114.257198,0.699084966,0.992082049,690.7567823,0.433380805,NA,Y
68,3,CARL218,CARL222,Arlington reef,163,0.0006633,0.0005805,ch2,Dell,0.04593,13/04/2023,19900,good/good,36,30,358.7452899,0.237955751,0.992,1194.431347,0.792266312,0.996159636,835.6860571,0.554310562,NA,Y
51,1,CARL218,CARL222,Arlington reef,172,0.0006339,0.0005821,ch4,Dell,0.04882,22/03/2023,19901,good/good,36,30,333.7767484,0.211581081,0.9892,1050.379592,0.665835623,0.996658961,716.6028433,0.454254542,NA,Y
122,3,CARL230,CARL235,Arlington reef,117,0.0004081,0.0003959,ch2,Dell_7440,0.04593,17/06/2023,19882,good/good,35,27,413.1738448,0.168616246,0.9886,898.9886953,0.366877287,0.97488189,485.8148505,0.19826104,poor signal and small fish,Y
122,5,CARL230,CARL235,Arlington reef,117,0.0004402,0.0004251,ch4,Asus,0.04791,17/06/2023,19882,good/good,35,27,317.071808,0.13957501,0.984,1322.896627,0.582339095,0.991049978,1005.824819,0.442764085,NA,Y
122,7,CARL230,CARL235,Arlington reef,117,0.0005031,0.000478,ch2,Asus,0.04551,17/06/2023,19882,good/good,35,27,424.7767021,0.213705159,0.9938,898.3544246,0.451962111,0.984783355,473.5777225,0.238256952,chamber3 was mistakenly in place of chamber2; third cycle used for max,Y
81,7,CARL230,CARL235,Arlington reef,176,0.000531,0.0004843,ch2,Asus,0.04573,1/05/2023,19893,good/good,36,27,260.9390289,0.138558624,0.9746,803.659584,0.426743239,0.995897079,542.7205551,0.288184615,resting may be unreliable,N
122,4,CARL230,CARL235,Arlington reef,117,0.0005099,0.0004892,ch1,Dell_7440,0.0465,17/06/2023,19882,good/good,35,27,390.3076624,0.199017877,0.9854,834.4994918,0.425511291,0.994662393,444.1918294,0.226493414,NA,Y
122,8,CARL230,CARL235,Arlington reef,117,0.0005741,0.000505,ch1,Asus,0.04573,17/06/2023,19882,good/good,35,27,394.5737501,0.22652479,0.9872,709.451791,0.407296273,0.984488948,314.8780409,0.180771483,Chamber2 was mistakenly in place of chamber1,N
81,3,CARL230,CARL235,Arlington reef,176,0.000562,0.0005336,ch2,Dell,0.04593,1/05/2023,19893,good/good,36,27,327.5272921,0.184070338,0.989,824.79137,0.46353275,0.991871828,497.2640779,0.279462412,reliable?,Y
81,5,CARL230,CARL235,Arlington reef,176,0.0005763,0.0005362,ch4,Asus,0.04791,1/05/2023,19893,good/good,36,27,454.2997118,0.261812924,0.9962,929.6317113,0.535746755,0.995455485,475.3319994,0.273933831,NA,Y
81,2,CARL230,CARL235,Arlington reef,176,0.0005951,0.000553,ch3,Dell,0.04977,1/05/2023,19893,good/good,36,27,367.5325213,0.218718603,0.9848,1242.443515,0.739378136,0.986620606,874.9109935,0.520659532,NA,Y
81,6,CARL230,CARL235,Arlington reef,176,0.0005532,0.000559,ch3,Asus,0.04551,1/05/2023,19893,good/good,36,27,416.3992185,0.230352048,0.9852,1081.890876,0.598502032,0.992334475,665.4916572,0.368149985,NA,Y
81,4,CARL230,CARL235,Arlington reef,176,0.0006731,0.0006354,ch1,Dell,0.0465,1/05/2023,19893,good/good,36,27,416.896327,0.280612918,0.9916,992.5852733,0.668109147,0.997462947,575.6889463,0.38749623,NA,Y
122,1,CARL230,CARL235,Arlington reef,117,0.000673,0.0006466,ch4,Dell_7440,0.0486,17/06/2023,19882,good/good,35,27,305.5200142,0.20561497,0.9664,1251.883468,0.842517574,0.971316432,946.3634542,0.636902605,mAax cycle was flat for first 50 s than started.,Y
122,6,CARL230,CARL235,Arlington reef,117,0.0007215,0.0007428,ch3,Asus,0.04565,17/06/2023,19882,good/good,35,27,302.8453619,0.218502929,0.9724,728.5236652,0.525629824,0.996750137,425.6783032,0.307126896,Chamber1 was mistakenly in position of chamber3; second cycle used for max,Y
122,2,CARL230,CARL235,Arlington reef,117,0.000794,0.0007959,ch3,Dell_7440,0.04977,17/06/2023,19882,good/good,35,27,375.3976369,0.298065724,0.9866,845.5720919,0.671384241,0.998194784,470.1744549,0.373318517,Second cycle used for max,Y
84,3,CARL233,CARL215,Arlington reef,366,0.0002893,0.0002576,ch2,Asus,0.04573,2/05/2023,19893,good/good,36,30,410.2156519,0.118675388,0.9784,897.3774856,0.259611307,0.985245619,487.1618337,0.140935918,NA,Y
84,7,CARL233,CARL215,Arlington reef,366,0.0004428,0.0003945,ch2,Dell,0.04593,2/05/2023,19893,good/good,36,30,430.7473828,0.190734941,0.9768,992.8826368,0.439648432,0.997546164,562.135254,0.24891349,NA,Y
84,2,CARL233,CARL215,Arlington reef,366,0.0005741,0.0004374,ch3,Asus,0.04551,2/05/2023,19893,good/good,36,30,505.6601374,0.290299485,0.976,1098.504356,0.630651351,0.977866626,592.8442185,0.340351866,NA,Y
84,5,CARL233,CARL215,Arlington reef,366,0.0004984,0.0004638,ch4,Dell,0.0486,2/05/2023,19893,good/good,36,30,406.0028349,0.202351813,0.9968,726.3946343,0.362035086,0.993441128,320.3917994,0.159683273,check max; switched with chamber one for background pre-trial,Y
84,1,CARL233,CARL215,Arlington reef,366,0.0005537,0.0005109,ch4,Asus,0.04791,2/05/2023,19893,good/good,36,30,543.594033,0.300988016,0.999,882.8762716,0.488848592,0.998440589,339.2822386,0.187860576,NA,Y
84,6,CARL233,CARL215,Arlington reef,366,0.0005475,0.0005166,ch3,Dell,0.04977,2/05/2023,19893,good/good,36,30,419.2956747,0.229564382,0.9826,1100.067131,0.602286754,0.998377071,680.7714562,0.372722372,NA,Y
84,8,CARL233,CARL215,Arlington reef,366,0.0007714,0.0007172,ch1,Dell,0.0465,2/05/2023,19893,good/good,36,30,402.3455559,0.310369362,0.9914,1093.851138,0.843796768,0.994193049,691.5055817,0.533427406,NA,Y
84,4,CARL233,CARL215,Arlington reef,366,0.0007933,0.0007566,ch1,Asus,0.04565,2/05/2023,19893,good/good,36,30,320.1792861,0.253998228,0.9838,1018.399427,0.807896265,0.995638244,698.2201407,0.553898038,NA,Y
80,5,CARL237,CARL219,Arlington reef,179,0.0002639,0.0002429,ch4,Asus,0.04791,29/04/2023,19893,good/good,36,27,291.2524064,0.07686151,0.9722,2065.013238,0.544956994,0.994627245,1773.760832,0.468095484,NA,Y
80,4,CARL237,CARL219,Arlington reef,179,0.0003924,0.0003666,ch1,Dell,0.0465,29/04/2023,19893,good/good,36,27,501.2644778,0.196696181,0.984,954.087025,0.374383749,0.988601659,452.8225472,0.177687568,NA,Y
40,5,CARL237,CARL219,Arlington reef,198,0.0004454,0.0004492,ch4,Dell,0.04882,13/03/2023,19902,good/good,36,27,350.9033233,0.15629234,0.987,790.4689476,0.352074869,0.96771151,439.5656243,0.195782529,NA,Y
40,7,CARL237,CARL219,Arlington reef,198,0.0007212,0.0004695,ch2,Dell,0.04615,13/03/2023,19902,good/good,36,27,NA,NA,NA,844.0490949,0.608728207,0.994670599,NA,NA,NA,Y
80,3,CARL237,CARL219,Arlington reef,179,0.0005367,0.0004931,ch2,Dell,0.04593,29/04/2023,19893,good/good,36,27,292.5734824,0.157024188,0.9888,916.7812879,0.492036517,0.966013309,624.2078055,0.335012329,reliable? very noisey - 4th cycle used for max,Y
80,2,CARL237,CARL219,Arlington reef,179,0.0005853,0.0005357,ch3,Dell,0.04977,29/04/2023,19893,good/good,36,27,252.583601,0.147837182,0.983,752.8974306,0.440670866,0.997763809,500.3138297,0.292833684,Second cycle used for max,Y
80,1,CARL237,CARL219,Arlington reef,179,0.0005769,0.0005378,ch4,Dell,0.0486,29/04/2023,19893,good/good,36,27,395.2364652,0.228011917,0.9912,653.6185253,0.377072527,0.994341504,258.3820601,0.14906061,check max,Y
80,7,CARL237,CARL219,Arlington reef,179,0.0005694,0.0005525,ch2,Asus,0.04573,29/04/2023,19893,good/good,36,27,354.5981271,0.201908174,0.9836,1225.680247,0.697902333,0.983415027,871.0821201,0.495994159,NA,Y
80,6,CARL237,CARL219,Arlington reef,179,0.0006162,0.0005704,ch3,Asus,0.04551,29/04/2023,19893,good/good,36,27,452.1856196,0.278636779,0.9872,1081.115949,0.666183648,0.97734565,628.9303295,0.387546869,NA,Y
40,8,CARL237,CARL219,Arlington reef,198,0.0006051,0.0005903,ch1,Dell,0.04672,13/03/2023,19902,good/good,36,27,354.2334318,0.21434665,0.995,1070.68101,0.647869079,0.996523233,716.4475782,0.43352243,NA,Y
91,8,CARL241,CARL239,Arlington reef,282,0.00044,0.0003804,ch1,Asus,0.04565,9/05/2023,19892,good/good,35,27,362.1472976,0.159344811,0.9926,786.3943,0.3460135,0.9962961,424.247,0.18666867,NA,Y
91,7,CARL241,CARL239,Arlington reef,282,0.0004348,0.0003857,ch2,Asus,0.04573,9/05/2023,19892,good/good,35,27,398.961719,0.173468555,0.9842,1121.443538,0.48760365,0.96897506,722.4818188,0.314135095,NA,Y
57,5,CARL241,CARL239,Arlington reef,319,0.000418,0.0003997,ch4,Dell,0.0486,3/04/2023,19900,good/good,36,27,374.3685441,0.156486051,0.981,802.0392077,0.335252389,0.997580933,427.6706636,0.178766337,NA,Y
91,2,CARL241,CARL239,Arlington reef,282,0.0004485,0.00042,ch3,Dell,0.04977,9/05/2023,19892,good/good,35,27,395.1934496,0.177244262,0.9872,712.031,0.3193459,0.9895863,316.8376,0.14210165,NA,Y
91,6,CARL241,CARL239,Arlington reef,282,0.0004591,0.0004249,ch3,Asus,0.04551,9/05/2023,19892,good/good,35,27,365.0543138,0.167596435,0.9848,1171.993077,0.538062022,0.98438768,806.9387635,0.370465586,NA,Y
91,5,CARL241,CARL239,Arlington reef,282,0.0005315,0.0005148,ch4,Asus,0.04791,9/05/2023,19892,good/good,35,27,433.3957837,0.230349859,0.9796,1085.465755,0.576925049,0.941238149,652.0699711,0.34657519,NA,Y
91,4,CARL241,CARL239,Arlington reef,282,0.0005896,0.0005504,ch1,Dell,0.0465,9/05/2023,19892,good/good,35,27,388.2385379,0.228905442,0.9852,1074.108741,0.633294514,0.997465297,685.8702033,0.404389072,check max,Y
91,3,CARL241,CARL239,Arlington reef,282,0.0006104,0.0005624,ch2,Dell,0.04593,9/05/2023,19892,good/good,35,27,410.8720855,0.250796321,0.977,1370.0776,0.8362954,0.9565648,959.2056,0.58549907,NA,Y
57,7,CARL241,CARL239,Arlington reef,319,0.0006308,0.0006051,ch2,Dell,0.04593,3/04/2023,19900,good/good,36,27,417.2152883,0.263179404,0.991,904.8985093,0.57080998,0.99289549,487.683221,0.307630576,NA,Y
57,3,CARL241,CARL239,Arlington reef,319,0.0006812,0.000648,ch2,Asus,0.04958,3/04/2023,19900,good/good,36,27,313.5472557,0.213588391,0.9806,768.1295026,0.523249817,0.991079896,454.5822468,0.309661427,NA,Y
91,1,CARL241,CARL239,Arlington reef,282,0.0007358,0.0006721,ch4,Dell,0.0486,9/05/2023,19892,good/good,35,27,346.9237095,0.255266465,0.9888,902.4923527,0.664053873,0.995081521,555.5686431,0.408787408,NA,Y
57,8,CARL241,CARL239,Arlington reef,319,0.0007098,0.0006795,ch1,Dell,0.0465,3/04/2023,19900,good/good,36,27,389.4061524,0.276400487,0.995,926.297161,0.657485725,0.997082191,536.8910086,0.381085238,NA,Y
57,2,CARL241,CARL239,Arlington reef,319,0.0007758,0.0007157,ch3,Asus,0.04873,3/04/2023,19900,good/good,36,27,264.503711,0.205201979,0.9926,1031.765595,0.800443749,0.975873475,767.2618841,0.59524177,NA,Y
57,1,CARL241,CARL239,Arlington reef,319,0.0008477,0.0008131,ch4,Asus,0.05068,3/04/2023,19900,good/good,36,27,311.1209825,0.263737257,0.9792,801.5521366,0.679475746,0.968978665,490.4311541,0.415738489,check max; signal dropped during run leading to drop in % air staturation reading make sure this part of the max slope is ignored,Y
57,6,CARL241,CARL239,Arlington reef,319,0.000963,0.000913,ch3,Dell,0.04977,3/04/2023,19900,good/good,36,27,234.6079401,0.225927446,0.9734,747.6981492,0.720033318,0.997602319,513.0902091,0.494105871,NA,Y
100,4,CARL249,CARL360,Arlington reef,373,0.0004503,0.0004369,ch1,Dell,0.0465,13/05/2023,19888,good/good,36,30,495.6499679,0.223191181,0.9902,1607.971247,0.724069453,0.99017592,1112.321279,0.500878272,NA,Y
100,2,CARL249,CARL360,Arlington reef,373,0.0004707,0.0004707,ch3,Dell,0.04977,13/05/2023,19888,good/good,36,30,381.4839172,0.17956448,0.989,1358.028756,0.639224135,0.994785805,976.5448388,0.459659656,max and rest seems low,Y
100,1,CARL249,CARL360,Arlington reef,373,0.0005823,0.0005282,ch4,Dell,0.0486,13/05/2023,19888,good/good,36,30,321.6160721,0.187277039,0.9894,1136.629601,0.661859417,0.956713994,815.0135292,0.474582378,check max and rest,Y
100,8,CARL249,CARL360,Arlington reef,373,0.000553,0.0005349,ch1,Asus,0.04565,13/05/2023,19888,good/good,36,30,250.9011029,0.13874831,0.976,993.4381709,0.549371309,0.996999402,742.537068,0.410622999,NA,Y
100,3,CARL249,CARL360,Arlington reef,373,0.00058,0.0005531,ch2,Dell,0.04593,13/05/2023,19888,good/good,36,30,428.9520533,0.248792191,0.9878,1236.00671,0.716883892,0.972865339,807.0546567,0.468091701,NA,Y
100,6,CARL249,CARL360,Arlington reef,373,0.000587,0.0005741,ch3,Asus,0.04551,13/05/2023,19888,good/good,36,30,373.4268943,0.219201587,0.9852,1264.264062,0.742123004,0.985663993,890.8371677,0.522921417,NA,Y
100,7,CARL249,CARL360,Arlington reef,373,0.0006606,0.0006254,ch2,Asus,0.04573,13/05/2023,19888,good/good,36,30,320.3799516,0.211642996,0.9942,1343.780165,0.887701177,0.998116393,1023.400213,0.676058181,NA,Y
100,5,CARL249,CARL360,Arlington reef,373,0.000772,0.000742,ch4,Asus,0.04791,13/05/2023,19888,good/good,36,30,388.8653568,0.300204055,0.9904,1154.724501,0.891447315,0.996044155,765.8591439,0.591243259,NA,Y
133,2,CARL335,CARL359,Arlington reef,139,0.0006414,0.0006081,ch3,Dell_7440,0.04977,1/07/2023,19881,good/good,35,28.5,303.4669174,0.194643681,0.9774,834.1667405,0.535034547,0.980966928,530.699823,0.340390866,max file missing!,N
99,3,CARL335,CARL359,Arlington reef,106,0.00066,0.0006363,ch2,Dell,0.04593,11/05/2023,19888,good/good,36,28.5,377.2501976,0.24898513,0.99,1199.910211,0.791940739,0.948995958,822.6600134,0.542955609,check max,Y
99,5,CARL335,CARL359,Arlington reef,106,0.0006714,0.0006528,ch4,Asus,0.04791,11/05/2023,19888,good/good,36,28.5,530.7036817,0.356314452,0.9918,1279.724401,0.859206963,0.994945164,749.0207188,0.502892511,NA,Y
133,3,CARL335,CARL359,Arlington reef,139,0.0007225,0.0006981,ch2,Dell_7440,0.04593,1/07/2023,19881,good/good,35,28.5,424.1517079,0.306449609,0.9898,1131.622213,0.817597049,0.985462619,707.4705049,0.51114744,cycle2 used for max,Y
133,4,CARL335,CARL359,Arlington reef,139,0.0007161,0.0007055,ch1,Dell_7440,0.0465,1/07/2023,19881,good/good,35,28.5,389.7995603,0.279135465,0.9848,1166.987506,0.835679753,0.935632109,777.1879459,0.556544288,NA,Y
99,8,CARL335,CARL359,Arlington reef,106,0.0007357,0.0007385,ch1,Asus,0.04565,11/05/2023,19888,good/good,36,28.5,395.8862,0.274512292,0.9912,NA,NA,NA,NA,NA,NA,Y
99,2,CARL335,CARL359,Arlington reef,106,0.0007579,0.0007498,ch3,Dell,0.04977,11/05/2023,19888,good/good,36,28.5,296.3586151,0.224610194,0.9952,1143.718479,0.866824235,0.987795942,847.3598636,0.642214041,NA,Y
133,1,CARL335,CARL359,Arlington reef,139,0.0007814,0.0007676,ch4,Dell_7440,0.0486,1/07/2023,19881,good/good,35,28.5,353.5959661,0.276299888,0.9908,796.9628129,0.622746742,0.998729216,443.3668468,0.346446854,NA,Y
99,1,CARL335,CARL359,Arlington reef,106,0.0008021,0.0008021,ch4,Dell,0.0486,11/05/2023,19888,good/good,36,28.5,351.8134653,0.282189581,0.9946,1124.98306,0.902348912,0.979139973,773.1695944,0.620159332,NA,Y
133,8,CARL335,CARL359,Arlington reef,139,0.0008797,0.000857,ch1,Asus,0.04573,1/07/2023,19881,good/good,35,28.5,353.4736582,0.310950777,0.9934,1065.07882,0.936949838,0.995512724,711.6051623,0.625999061,Chamber2 was accidentally in the position of chamber1,Y
133,6,CARL335,CARL359,Arlington reef,139,0.0009275,0.0008935,ch3,Asus,0.04565,1/07/2023,19881,good/good,35,28.5,392.1047049,0.363677114,0.9922,984.8422649,0.913441201,0.989004949,592.7375599,0.549764087,Chamber1 was accidentally in the position of chamber 3,Y
99,7,CARL335,CARL359,Arlington reef,106,0.0009375,0.0009327,ch2,Asus,0.04573,11/05/2023,19888,good/good,36,28.5,418.8240084,0.392647508,0.9958,1015.868916,0.952377109,0.997695466,597.0449081,0.559729601,NA,Y
99,6,CARL335,CARL359,Arlington reef,106,0.0009457,0.0009433,ch3,Asus,0.04551,11/05/2023,19888,good/good,36,28.5,405.468052,0.383451137,0.9944,1059.978259,1.00242144,0.995030317,654.5102071,0.618970303,NA,Y
99,4,CARL335,CARL359,Arlington reef,106,0.000996,0.0009964,ch1,Dell,0.0465,11/05/2023,19888,good/good,36,28.5,457.4341649,0.455604428,0.9948,1088.572851,1.08421856,0.976632891,631.1386861,0.628614131,NA,Y
96,5,CARL338,CARL345,Arlington reef,105,0.0004724,0.0004531,ch4,Asus,0.04791,10/05/2023,19892,good/good,36,28.5,452.5704463,0.213794279,0.9902,1305.803057,0.616861364,0.979969028,853.2326108,0.403067085,NA,Y
96,7,CARL338,CARL345,Arlington reef,105,0.000485,0.0004646,ch2,Asus,0.04573,10/05/2023,19892,good/good,36,28.5,290.4916575,0.140888454,0.99,1062.950453,0.51553097,0.998858251,772.4587955,0.374642516,NA,Y
96,1,CARL338,CARL345,Arlington reef,105,0.0005109,0.000475,ch4,Dell,0.0486,10/05/2023,19892,good/good,36,28.5,370.0750426,0.189071339,0.9964,1103.596243,0.563827321,0.987514427,733.5212007,0.374755981,NA,Y
96,4,CARL338,CARL345,Arlington reef,105,0.0005386,0.000508,ch1,Dell,0.0465,10/05/2023,19892,good/good,36,28.5,374.0068557,0.201440092,0.9928,1058.831454,0.570286621,0.957558264,684.824598,0.368846528,check max,Y
96,2,CARL338,CARL345,Arlington reef,105,0.0006801,0.0006413,ch3,Dell,0.04977,10/05/2023,19892,good/good,36,28.5,247.2483604,0.16815361,0.9806,1061.69695,0.722060096,0.991820522,814.4485901,0.553906486,NA,Y
96,6,CARL338,CARL345,Arlington reef,105,0.000659,0.0006442,ch3,Asus,0.04551,10/05/2023,19892,good/good,36,28.5,371.4880594,0.244810631,0.9874,984.2038967,0.648590368,0.996397968,612.7158373,0.403779737,check max,Y
96,3,CARL338,CARL345,Arlington reef,105,0.0007235,0.0006806,ch2,Dell,0.04593,10/05/2023,19892,good/good,36,28.5,387.0520228,0.280032139,0.9946,1171.182835,0.847350781,0.997180394,784.1308122,0.567318643,NA,Y
96,8,CARL338,CARL345,Arlington reef,105,0.0008244,0.0007782,ch1,Asus,0.04565,10/05/2023,19892,good/good,36,28.5,298.3477858,0.245957915,0.9952,NA,NA,NA,NA,NA,NA,Y
73,2,CARL344,CARL370,Arlington reef,166,0.0003941,0.0003634,ch3,Dell,0.04977,6/04/2023,19900,good/good,36,30,302.0652847,0.119043929,0.9874,1451.851836,0.572174808,0.991964567,1149.786551,0.45313088,maybe,Y
79,7,CARL344,CARL370,Arlington reef,166,0.0003895,0.0003696,ch2,Asus,0.04573,28/04/2023,19893,good/good,36,30,698.6751247,0.272133961,0.9816,1749.753092,0.681528829,0.999088603,1051.077968,0.409394868,NA,Y
79,2,CARL344,CARL370,Arlington reef,166,0.0004689,0.0004308,ch3,Dell,0.04977,28/04/2023,19893,good/good,36,30,392.0088638,0.183812956,0.997,986.3773458,0.462512337,0.994825236,594.368482,0.278699381,NA,Y
79,4,CARL344,CARL370,Arlington reef,166,0.0004766,0.0004369,ch1,Dell,0.0465,28/04/2023,19893,good/good,36,30,484.4680806,0.230897487,0.99,875.3938727,0.41721272,0.995710016,390.9257921,0.186315233,NA,Y
73,3,CARL344,CARL370,Arlington reef,166,0.0004895,0.0004456,ch2,Dell,0.04593,6/04/2023,19900,good/good,36,30,318.4407177,0.155876731,0.991,931.1237964,0.455785098,0.99265589,612.6830788,0.299908367,max reliable?,Y
73,8,CARL344,CARL370,Arlington reef,166,0.0004987,0.000479,ch1,Asus,0.04565,6/04/2023,19900,good/good,36,30,457.6024674,0.228206351,0.9878,1075.979524,0.536590989,0.997041084,618.3770566,0.308384638,check max,Y
73,5,CARL344,CARL370,Arlington reef,166,0.0005589,0.00052,ch4,Asus,0.05068,6/04/2023,19900,good/good,36,30,553.1292578,0.309143942,0.983,1498.198353,0.83734306,0.994069394,945.0690953,0.528199117,NA,Y
73,4,CARL344,CARL370,Arlington reef,166,0.0005599,0.0005204,ch1,Dell,0.0465,6/04/2023,19900,good/good,36,30,403.2905755,0.225802393,0.9938,1047.67219,0.586591659,0.999014113,644.3816143,0.360789266,NA,Y
47,1,CARL344,CARL370,Arlington reef,100,0.0005585,0.0005418,ch4,Dell,0.04882,15/03/2023,19901,good/good,36,30,367.0049791,0.204972281,0.9894,1439.662284,0.804051386,0.990059832,1072.657305,0.599079105,NA,Y
79,3,CARL344,CARL370,Arlington reef,166,0.0005987,0.0005545,ch2,Dell,0.04593,28/04/2023,19893,good/good,36,30,479.7488379,0.287225629,0.9936,1351.814182,0.809331151,0.991254425,872.065344,0.522105521,NA,Y
79,6,CARL344,CARL370,Arlington reef,166,0.0006116,0.000574,ch3,Asus,0.04551,28/04/2023,19893,good/good,36,30,387.2429704,0.236837801,0.986,1275.090312,0.779845235,0.988106811,887.847342,0.543007434,NA,Y
73,1,CARL344,CARL370,Arlington reef,166,0.0006799,0.0006326,ch4,Dell,0.0486,6/04/2023,19900,good/good,36,30,345.8025333,0.235111142,0.9838,1288.534255,0.87607444,0.982913076,942.7317214,0.640963297,NA,Y
47,3,CARL344,CARL370,Arlington reef,100,0.0007012,0.0006544,ch2,Dell,0.04615,15/03/2023,19901,good/good,36,30,353.6684399,0.24799231,0.9972,843.2016659,0.591253008,0.994802543,489.533226,0.343260698,NA,N
47,2,CARL344,CARL370,Arlington reef,100,0.0007293,0.0006865,ch3,Dell,0.04999,15/03/2023,19901,good/good,36,30,395.2313,0.288242,0.994,1113.703136,0.812223697,0.994792163,718.4718359,0.523981697,NA,Y
79,5,CARL344,CARL370,Arlington reef,166,0.0007417,0.0006915,ch4,Asus,0.04791,28/04/2023,19893,good/good,36,30,426.7389639,0.31651229,0.984,1205.581459,0.894179768,0.978419859,778.8424949,0.577667478,NA,Y
73,7,CARL344,CARL370,Arlington reef,166,0.0007854,0.0007552,ch2,Asus,0.04958,6/04/2023,19900,good/good,36,30,438.9135517,0.344722703,0.9894,1203.876816,0.945524851,0.997645031,764.9632639,0.600802147,NA,Y
59,8,CARL354,CARL355,Arlington reef,281,0.0004583,0.0004381,ch1,Dell,0.0465,4/04/2023,19900,good/good,36,27,400.6537283,0.183619604,0.992,1058.251263,0.484996554,0.99384898,657.5975346,0.30137695,NA,Y
85,5,CARL354,CARL355,Arlington reef,121,0.000495,0.0004807,ch4,Asus,0.04791,3/05/2023,19893,good/good,36,27,515.2621844,0.255054781,0.9868,1084.863073,0.537007221,0.995711456,569.6008886,0.28195244,NA,Y
85,4,CARL354,CARL355,Arlington reef,121,0.0005931,0.0005666,ch1,Dell,0.0465,3/05/2023,19893,good/good,36,27,452.4747791,0.268362791,0.9928,928.8756574,0.550916152,0.991350388,476.4008783,0.282553361,NA,Y
59,4,CARL354,CARL355,Arlington reef,281,0.000618,0.0005715,ch1,Asus,0.04565,4/04/2023,19900,good/good,36,27,175.3276212,0.10835247,0.9844,589.8990453,0.36455761,0.997603678,414.5714241,0.25620514,check max,Y
85,6,CARL354,CARL355,Arlington reef,121,0.0006303,0.0005823,ch3,Asus,0.04551,3/05/2023,19893,good/good,36,27,408.4013429,0.257415366,0.9876,1307.457209,0.824090279,0.982651118,899.0558658,0.566674912,NA,Y
59,7,CARL354,CARL355,Arlington reef,281,0.0006218,0.0006028,ch2,Dell,0.04593,4/04/2023,19900,good/good,36,27,314.6951362,0.195677436,0.9828,826.1316934,0.513688687,0.993036495,511.4365572,0.318011251,check max,Y
85,3,CARL354,CARL355,Arlington reef,121,0.0006461,0.0006201,ch2,Dell,0.04593,3/05/2023,19893,good/good,36,27,437.714672,0.28280745,0.9812,869.0855511,0.561516175,0.996398106,431.3708791,0.278708725,NA,Y
59,5,CARL354,CARL355,Arlington reef,281,0.0006711,0.0006382,ch4,Dell,0.0486,4/04/2023,19900,good/good,36,27,177.4127422,0.119061691,0.9658,654.5838103,0.439291195,0.985749786,477.1710681,0.320229504,check max,Y
59,3,CARL354,CARL355,Arlington reef,281,0.0007026,0.0006559,ch2,Asus,0.04958,4/04/2023,19900,good/good,36,27,314.7226118,0.221124107,0.9836,909.2368534,0.638829813,0.993044599,594.5142416,0.417705706,NA,Y
59,2,CARL354,CARL355,Arlington reef,281,0.0006868,0.0006596,ch3,Asus,0.04873,4/04/2023,19900,good/good,36,27,388.366649,0.266730215,0.9986,1253.886044,0.861168935,0.997361992,865.5193947,0.59443872,NA,Y
85,1,CARL354,CARL355,Arlington reef,121,0.0007254,0.0006672,ch4,Dell,0.0486,3/05/2023,19893,good/good,36,27,432.9016577,0.314026863,0.9964,923.5126682,0.66991609,0.993787186,490.6110105,0.355889227,NA,Y
85,7,CARL354,CARL355,Arlington reef,121,0.0007266,0.0006764,ch2,Asus,0.04573,3/05/2023,19893,good/good,36,27,433.7339679,0.315151101,0.9916,1040.959487,0.756361163,0.99870687,607.2255192,0.441210062,NA,Y
59,6,CARL354,CARL355,Arlington reef,281,0.0007828,0.0007423,ch3,Dell,0.04977,4/04/2023,19900,good/good,36,27,185.0938497,0.144891466,0.9766,788.2692555,0.617057173,0.991998986,603.1754058,0.472165708,NA,Y
85,2,CARL354,CARL355,Arlington reef,121,0.0007853,0.0007517,ch3,Dell,0.04977,3/05/2023,19893,good/good,36,27,352.6740758,0.276954952,0.9862,855.6545557,0.671945523,0.998783157,502.9804799,0.394990571,NA,Y
112,5,CARL354,CARL355,Arlginton reef,221,0.0003949,0.0003541,ch4,Asus,0.04791,27/05/2023,19951,good/good,37,27,223.7425163,0.08835592,0.9852,975.248051,0.385125455,0.9694708,751.5055347,0.296769536,NA,Y
112,7,CARL354,CARL355,Arlginton reef,221,0.0004343,0.0003864,ch2,Asus,0.04573,27/05/2023,19951,good/good,37,27,443.6870625,0.192693291,0.979,1610.752311,0.699549728,0.997003754,1167.065248,0.506856437,NA,Y
112,6,CARL354,CARL355,Arlginton reef,221,0.0004313,0.0003928,ch3,Asus,0.04551,27/05/2023,19951,good/good,37,27,242.8935509,0.104759989,0.982,1133.963655,0.489078524,0.997824329,891.0701039,0.384318536,NA,Y
112,4,CARL354,CARL355,Arlginton reef,221,0.0005249,0.0004728,ch1,Dell,0.0465,27/05/2023,19951,good/good,37,27,404.634922,0.212392871,0.9904,1193.546151,0.626492375,0.991367077,788.9112291,0.414099504,NA,Y
112,3,CARL354,CARL355,Arlginton reef,221,0.0005153,0.0004766,ch2,Dell,0.04593,27/05/2023,19951,good/good,37,27,313.3934072,0.161491623,0.9814,NA,NA,NA,NA,NA,NA,Y
112,2,CARL354,CARL355,Arlginton reef,221,0.0005381,0.0004849,ch3,Dell,0.04977,27/05/2023,19951,good/good,37,27,249.8994734,0.134470907,0.9872,875.8633916,0.471302091,0.965499895,625.9639182,0.336831184,NA,Y
112,1,CARL354,CARL355,Arlginton reef,221,0.0006263,0.0005564,ch4,Dell,0.0486,27/05/2023,19951,good/good,37,27,293.409574,0.183762416,0.9774,1091.829098,0.683812564,0.975525402,798.419524,0.500050148,NA,Y
126,8,CARL360,CARL249,Arlington reef,272,0.0004646,0.0004509,ch1,Asus,0.04573,19/06/2023,19882,good/good,35,30,463.2031351,0.215204177,0.9766,1216.40302,0.565140843,0.99542895,753.1998852,0.349936667,Chamber2 was accidentally in the position of chamber1,Y
126,4,CARL360,CARL249,Arlington reef,272,0.0004725,0.0004626,ch1,Dell_7440,0.0465,19/06/2023,19882,good/good,37,30,517.8658123,0.244691596,0.9784,1761.543864,0.832329476,0.975214384,1243.678052,0.587637879,NA,Y
126,6,CARL360,CARL249,Arlington reef,126,0.0005407,0.000511,ch3,Asus,0.04565,19/06/2023,19882,good/good,37,30,530.7962146,0.287001513,0.9808,966.31539,0.522486731,0.99827407,435.5191753,0.235485218,Chamber1 was accidentally in the position of chamber 3,Y
126,5,CARL360,CARL249,Arlington reef,272,0.0005257,0.0005114,ch4,Asus,0.04791,19/06/2023,19882,good/good,37,30,595.1175656,0.312853304,0.989,1181.047091,0.620876456,0.99473188,585.9295256,0.308023152,NA,Y
126,1,CARL360,CARL249,Arlington reef,272,0.0005455,0.0005174,ch4,Dell_7440,0.0486,19/06/2023,19882,good/good,37,30,458.3899045,0.250051693,0.993,1053.242543,0.574543807,0.991588677,594.8526388,0.324492114,NA,Y
126,2,CARL360,CARL249,Arlington reef,272,0.0005806,0.0005473,ch3,Dell_7440,0.04977,19/06/2023,19882,good/good,37,30,497.7239914,0.288978549,0.9912,1025.431817,0.595365713,0.979906378,527.7078258,0.306387164,part of perculum missing,Y
126,7,CARL360,CARL249,Arlington reef,272,0.0006804,0.0006617,ch2,Asus,0.04551,19/06/2023,19882,good/good,37,30,493.7795085,0.335967578,0.994,1191.779635,0.810886864,0.990715258,698.0001269,0.474919286,Chamber3 was accidentally in the position of chamber2,Y
126,3,CARL360,CARL249,Arlington reef,272,0.0007421,0.0006947,ch2,Dell_7440,0.04593,19/06/2023,19882,good/good,37,30,542.4310747,0.402538101,0.9904,1006.850302,0.747183609,0.98594448,464.4192273,0.344645509,NA,Y
109,2,CARL367,CARL363,Arlington reef,112,0.0005337,0.000477,ch3,Dell,0.04977,21/05/2023,19888,good/good,36,28.5,270.9885652,0.144626597,0.9808,1225.663094,0.654136393,0.995771938,954.6745285,0.509509796,check max,Y
109,5,CARL367,CARL363,Arlington reef,112,0.0005759,0.0005622,ch4,Asus,0.04791,21/05/2023,19888,good/good,36,28.5,384.9815679,0.221710885,0.9856,977.3085141,0.562831973,0.997340342,592.3269462,0.341121088,NA,Y
109,4,CARL367,CARL363,Arlington reef,112,0.0006219,0.000591,ch1,Dell,0.0465,21/05/2023,19888,good/good,36,28.5,370.9064441,0.230666718,0.9944,1082.065846,0.67293675,0.996501246,711.1594022,0.442270032,NA,Y
109,6,CARL367,CARL363,Arlington reef,112,0.0006141,0.0006159,ch2,Asus,0.04551,21/05/2023,19888,good/good,36,28.5,408.9750567,0.251151582,0.9932,843.7751095,0.518162295,0.997053391,434.8000529,0.267010712,For max probe 2 was used!,Y
109,7,CARL367,CARL363,Arlington reef,112,0.0006246,0.0006378,ch2,Asus,0.04573,21/05/2023,19888,good/good,36,28.5,434.1076577,0.271143643,0.9932,1022.543003,0.63868036,0.99117471,588.4353456,0.367536717,NA,Y
109,3,CARL367,CARL363,Arlington reef,112,0.000698,0.0006934,ch2,Dell,0.04593,21/05/2023,19888,good/good,36,28.5,344.5478715,0.240494414,0.9876,1116.672476,0.779437388,0.996255416,772.1246043,0.538942974,NA,Y
109,1,CARL367,CARL363,Arlington reef,112,0.0008012,0.0007291,ch4,Dell,0.0486,21/05/2023,19888,good/good,36,28.5,336.663856,0.269735081,0.9872,1121.782465,0.898772111,0.983929588,785.1186094,0.62903703,NA,Y
108,2,CARL369,CARL349,Arlington reef,216,0.0003585,0.0003306,ch3,Asus,0.04551,20/05/2023,19888,good/good,36,28.5,440.3907838,0.157880096,0.985,1932.843769,0.692924491,0.973250183,1492.452985,0.535044395,NA,Y
108,7,CARL369,CARL349,Arlington reef,216,0.0003905,0.0003708,ch2,Dell,0.04593,20/05/2023,19888,good/good,36,28.5,356.876135,0.139360131,0.9834,959.359279,0.374629798,0.967415057,602.483144,0.235269668,NA,Y
108,3,CARL369,CARL349,Arlington reef,216,0.000626,0.0005907,ch2,Asus,0.04573,20/05/2023,19888,good/good,36,28.5,451.7377514,0.282787832,0.9918,1154.551165,0.722749029,0.995347773,702.8134132,0.439961197,NA,Y
108,1,CARL369,CARL349,Arlington reef,216,0.000683,0.0005987,ch4,Asus,0.04791,20/05/2023,19888,good/good,36,28.5,241.1621394,0.164713741,0.9808,1393.160949,0.951528928,0.98427463,1151.99881,0.786815187,NA,Y
108,8,CARL369,CARL349,Arlington reef,216,0.0006171,0.0006039,ch1,Dell,0.0465,20/05/2023,19888,good/good,36,28.5,464.0816736,0.286384801,0.9962,1033.434669,0.637732534,0.997181784,569.3529956,0.351347734,NA,Y
108,4,CARL369,CARL349,Arlington reef,216,0.0008961,0.0008602,ch1,Asus,0.04565,20/05/2023,19888,good/good,36,28.5,278.0075039,0.249122524,0.9916,914.9421962,0.819879702,0.997594312,636.9346923,0.570757178,check max,Y
55,6,CPRE189,CPRE202,Pretty patches,200,0.0002658,0.0002478,ch3,Dell,0.04999,27/03/2023,19901,good/good,36,30,256.2802353,0.068119287,0.9704,1096.154554,0.291357881,0.985913464,839.8743191,0.223238594,NA,Y
78,4,CPRE189,CPRE202,Pretty patches,263,0.0003088,0.0003009,ch1,Dell,0.0465,26/04/2023,19893,good/good,36,30,463.845403,0.14323546,0.9848,1157.982882,0.357585114,0.995664713,694.1374792,0.214349654,NA,Y
55,1,CPRE189,CPRE202,Pretty patches,200,0.0003356,0.000302,ch4,Asus,0.05068,27/03/2023,19901,good/good,36,30,319.8321346,0.107335664,0.986,890.9606214,0.299006385,0.987488886,571.1284868,0.19167072,NA,Y
55,8,CPRE189,CPRE202,Pretty patches,200,0.0003504,0.0003278,ch1,Dell,0.04672,27/03/2023,19901,good/good,36,30,525.4491776,0.184117392,0.9978,1113.781176,0.390268924,0.99491947,588.3319987,0.206151532,NA,Y
78,3,CPRE189,CPRE202,Pretty patches,263,0.0004206,0.0004005,ch2,Dell,0.04593,26/04/2023,19893,good/good,36,30,441.867581,0.185849505,0.99,1213.443111,0.510374172,0.993437854,771.5755296,0.324524668,check max,Y
78,2,CPRE189,CPRE202,Pretty patches,263,0.0004328,0.0004222,ch3,Dell,0.04977,26/04/2023,19893,good/good,36,30,435.3532396,0.188420882,0.9914,984.5145982,0.426097918,0.997869863,549.1613586,0.237677036,NA,Y
55,4,CPRE189,CPRE202,Pretty patches,200,0.0005874,0.0005,ch1,Asus,0.04565,27/03/2023,19901,good/good,36,30,414.108789,0.243247503,0.9886,1294.9205,0.760636302,0.998436536,880.8117113,0.517388799,NA,Y
78,5,CPRE189,CPRE202,Pretty patches,263,0.0005231,0.0005168,ch4,Asus,0.04791,26/04/2023,19893,good/good,36,30,437.2445741,0.228722637,0.9938,1296.032274,0.677954483,0.98809226,858.7876999,0.449231846,NA,Y
55,3,CPRE189,CPRE202,Pretty patches,200,0.0005564,0.0005202,ch2,Asus,0.04958,27/03/2023,19901,good/good,36,30,439.8022615,0.244705978,0.9948,1104.085352,0.61431309,0.976978208,664.2830904,0.369607112,NA,Y
78,6,CPRE189,CPRE202,Pretty patches,263,0.000522,0.0005267,ch3,Asus,0.04551,26/04/2023,19893,good/good,36,30,441.6289615,0.230530318,0.9858,1777.749438,0.927985207,0.993450763,1336.120477,0.697454889,NA,Y
78,1,CPRE189,CPRE202,Pretty patches,263,0.0005548,0.0005286,ch4,Dell,0.0486,26/04/2023,19893,good/good,36,30,449.808905,0.249553981,0.9936,2225.235851,1.23456085,0.993693223,1775.426946,0.985006869,NA,Y
55,5,CPRE189,CPRE202,Pretty patches,200,0.0005794,0.0005468,ch4,Dell,0.04882,27/03/2023,19901,good/good,36,30,341.8848146,0.198088062,0.9934,952.463236,0.551857199,0.976011199,610.5784215,0.353769137,NA,Y
55,2,CPRE189,CPRE202,Pretty patches,200,0.0006469,0.0005976,ch3,Asus,0.04873,27/03/2023,19901,good/good,36,30,343.3865617,0.17938514,0.9906,870.2298735,0.454608086,0.996224185,526.8433118,0.275222946,Secoond cycle used for max,Y
55,7,CPRE189,CPRE202,Pretty patches,200,0.0006597,0.0006284,ch2,Dell,0.04615,27/03/2023,19901,good/good,36,30,329.9133356,0.217643828,0.9934,1535.11987,1.012718578,0.995121332,1205.206534,0.795074751,NA,Y
78,7,CPRE189,CPRE202,Pretty patches,263,0.0006612,0.0006364,ch2,Asus,0.04573,26/04/2023,19893,good/good,36,30,455.4662208,0.301154265,0.9888,1194.375571,0.789721127,0.992574718,738.90935,0.488566862,NA,Y
38,8,CPRE372,CPRE370,Pretty patches,199,0.0003845,0.0003779,ch1,Asus,0.04565,14/03/2023,19902,good/good,36,27,210.5569674,0.096035033,0.9772,775.8317253,0.35385685,0.958751167,565.2747579,0.257821817,NA,Y
38,4,CPRE372,CPRE370,Pretty patches,199,0.0004911,0.0004541,ch1,Dell,0.04672,14/03/2023,19902,good/good,36,27,297.2507812,0.145979859,0.994,798.4902107,0.392138542,0.991392148,501.2394294,0.246158684,NA,Y
38,5,CPRE372,CPRE370,Pretty patches,199,0.0005705,0.0005383,ch4,Asus,0.05068,14/03/2023,19902,good/good,36,27,196.7130514,0.112224796,0.9718,708.4107914,0.404148357,0.954980228,511.69774,0.291923561,not reliable,Y
76,1,CPRE372,CPRE209,Pretty patches,378,0.0005722,0.000545,ch4,Dell,0.0486,25/04/2023,19893,good/good,36,27,401.1335608,0.229528623,0.984,955.8924729,0.546961673,0.982591295,554.7589121,0.31743305,NA,Y
38,3,CPRE372,CPRE370,Pretty patches,199,0.0006333,0.0005898,ch2,Dell,0.04615,14/03/2023,19902,good/good,36,27,191.4322145,0.121234021,0.9876,700.6470521,0.443719778,0.984498729,509.2148376,0.322485757,NA,Y
76,7,CPRE372,CPRE209,Pretty patches,378,0.0006609,0.0006244,ch2,Asus,0.04573,25/04/2023,19893,good/good,36,27,415.527807,0.274622328,0.9886,890.8548369,0.588765962,0.988706476,475.32703,0.314143634,NA,Y
38,6,CPRE372,CPRE370,Pretty patches,199,0.0006704,0.0006272,ch3,Asus,0.04873,14/03/2023,19902,good/good,36,27,343.3358979,0.230172386,0.9946,639.493462,0.428716417,0.989407852,296.1575641,0.198544031,NA,Y
38,7,CPRE372,CPRE370,Pretty patches,199,0.0006885,0.0006326,ch2,Asus,0.04958,14/03/2023,19902,good/good,36,27,347.59918,0.239322035,0.985,1239.289434,0.853250775,0.997185146,891.6902542,0.61392874,check max,Y
38,2,CPRE372,CPRE370,Pretty patches,199,0.0007181,0.000673,ch3,Dell,0.04999,14/03/2023,19902,good/good,36,27,NA,NA,NA,674.8216992,0.484589462,0.992166407,NA,NA,resting not reliable tube split,Y
76,4,CPRE372,CPRE209,Pretty patches,378,0.0007347,0.0006984,ch1,Dell,0.0465,25/04/2023,19893,good/good,36,27,391.458334,0.287604438,0.9902,1085.138152,0.797251001,0.961462567,693.6798184,0.509646563,NA,Y
38,1,CPRE372,CPRE370,Pretty patches,199,0.0008264,0.0007573,ch4,Dell,0.04882,14/03/2023,19902,good/good,36,27,272.7232575,0.2253785,0.9872,817.0304965,0.675194002,0.987833139,544.307239,0.449815502,check max,Y
76,6,CPRE372,CPRE209,Pretty patches,378,0.0008348,0.0008209,ch3,Asus,0.04551,25/04/2023,19893,good/good,36,27,442.4759285,0.369378905,0.9908,1213.778951,1.013262668,0.993458367,771.3030221,0.643883763,NA,Y
76,3,CPRE372,CPRE209,Pretty patches,378,0.0008494,0.0008265,ch2,Dell,0.04593,25/04/2023,19893,good/good,36,27,437.6169465,0.371711834,0.9978,881.0829541,0.748391861,0.962289525,443.4660076,0.376680027,second cycle used for max,Y
76,5,CPRE372,CPRE209,Pretty patches,378,0.0008519,0.0008303,ch4,Asus,0.04791,25/04/2023,19893,good/good,36,27,353.1133051,0.300817225,0.9844,935.2148004,0.796709488,0.98486935,582.1014952,0.495892264,NA,Y
66,7,CPRE375,CPRE377,Pretty patches,177,0.0003691,0.0003355,ch2,Asus,0.04958,18/04/2023,19894,good/good,36,27,292.3922778,0.10792199,0.9756,734.5763639,0.271132136,0.994550424,442.1840861,0.163210146,second cycle used for max,Y
105,3,CPRE375,CPRE377,Pretty patches,276,0.0004149,0.0003719,ch2,Dell,0.04593,18/05/2023,19888,good/good,36,27,451.9159162,0.187499914,0.995,942.6747077,0.391115736,0.992375146,490.7587915,0.203615823,NA,Y
105,2,CPRE375,CPRE377,Pretty patches,276,0.0004503,0.0004134,ch3,Dell,0.04977,18/05/2023,19888,good/good,36,27,468.8560214,0.211125866,0.9872,924.2412434,0.416185832,0.978912797,455.3852219,0.205059965,max seems low,Y
66,4,CPRE375,CPRE377,Pretty patches,177,0.000485,0.0004598,ch1,Dell,0.0465,18/04/2023,19894,good/good,36,27,422.7423888,0.205030059,0.9988,1166.039617,0.565529214,0.997296843,743.2972286,0.360499156,NA,Y
105,1,CPRE375,CPRE377,Pretty patches,276,0.000504,0.0004715,ch4,Dell,0.0486,18/05/2023,19888,good/good,36,27,361.1712126,0.182030291,0.9862,911.4023652,0.459346792,0.980493364,550.2311526,0.277316501,check max,Y
66,8,CPRE375,CPRE377,Pretty patches,177,0.000512,0.0004842,ch1,Asus,0.04565,18/04/2023,19894,good/good,36,27,400.9746471,0.205299019,0.9842,917.6988628,0.469861818,0.998092243,516.7242157,0.264562798,NA,Y
105,4,CPRE375,CPRE377,Pretty patches,276,0.0005895,0.0005395,ch1,Dell,0.0465,18/05/2023,19888,good/good,36,27,306.6897054,0.180793581,0.987,845.841871,0.498623783,0.996167311,539.1521656,0.317830202,NA,Y
105,7,CPRE375,CPRE377,Pretty patches,276,0.0005646,0.0005397,ch2,Asus,0.04573,18/05/2023,19888,good/good,36,27,396.346021,0.223776963,0.9872,964.041925,0.544298071,0.97779158,567.695904,0.320521107,NA,Y
66,6,CPRE375,CPRE377,Pretty patches,177,0.0005827,0.0005483,ch3,Asus,0.04873,18/04/2023,19894,good/good,36,27,351.0070092,0.204531784,0.9878,1440.691237,0.839490784,0.997218747,1089.684228,0.634959,NA,Y
66,2,CPRE375,CPRE377,Pretty patches,177,0.000622,0.0005835,ch3,Dell,0.04977,18/04/2023,19894,good/good,36,27,305.6419766,0.190109309,0.9938,649.2902475,0.403858534,0.992817471,343.6482709,0.213749224,check max,Y
66,1,CPRE375,CPRE377,Pretty patches,177,0.0006264,0.0006067,ch4,Dell,0.0486,18/04/2023,19894,good/good,36,27,340.5641193,0.213329364,0.9886,909.9391261,0.569985869,0.998077668,569.3750067,0.356656504,NA,N
66,3,CPRE375,CPRE377,Pretty patches,177,0.0006914,0.0006526,ch2,Dell,0.04593,18/04/2023,19894,good/good,36,27,264.3987158,0.182805272,0.9818,761.6347292,0.526594252,0.996114759,497.2360134,0.34378898,NA,Y
86,7,CPRE391,CPRE390,Pretty patches,363,0.0004869,0.0004533,ch2,Asus,0.04573,5/05/2023,19893,good/good,35,30,442.7974592,0.215598083,0.9846,1132.632541,0.551478784,0.98876152,689.8350822,0.335880702,NA,Y
86,2,CPRE391,CPRE390,Pretty patches,363,0.0004854,0.0004537,ch3,Dell,0.04977,5/05/2023,19893,good/good,35,30,465.2092185,0.225812555,0.9966,1108.604199,0.538116478,0.98825017,643.3949808,0.312303924,NA,Y
86,6,CPRE391,CPRE390,Pretty patches,363,0.000622,0.00061,ch3,Asus,0.04551,5/05/2023,19893,good/good,35,30,360.7823518,0.224406623,0.9904,1139.836373,0.708978224,0.997416573,779.0540216,0.484571601,NA,Y
86,4,CPRE391,CPRE390,Pretty patches,363,0.000675,0.0006421,ch1,Dell,0.0465,5/05/2023,19893,good/good,35,30,453.1393183,0.30586904,0.9954,1200.90471,0.810610679,0.998941943,747.7653917,0.504741639,check max,Y
86,1,CPRE391,CPRE390,Pretty patches,363,0.0006884,0.0006482,ch4,Dell,0.0486,5/05/2023,19893,good/good,35,30,449.4657465,0.30941222,0.9904,1201.374692,0.827026338,0.998399077,751.9089458,0.517614118,NA,Y
86,3,CPRE391,CPRE390,Pretty patches,363,0.0008507,0.0008399,ch2,Dell,0.04593,5/05/2023,19893,good/good,35,30,429.9548775,0.365762614,0.9966,1127.24014,0.958943187,0.982744588,697.2852629,0.593180573,NA,Y
131,7,CPRE447,CPRE452,Pretty patches,152,0.0003497,0.0003404,ch2,Asus,0.04573,29/06/2023,19951,good/good,37,30,397.43406,0.138982691,0.992,1081.683999,0.378264894,0.992101813,684.2499387,0.239282204,NA,Y
131,1,CPRE447,CPRE452,Pretty patches,152,0.0004318,0.0003854,ch4,Dell,0.0486,29/06/2023,19951,good/good,37,30,366.233602,0.158139669,0.9724,1371.758694,0.592325404,0.995841504,1005.525092,0.434185735,NA,Y
131,8,CPRE447,CPRE452,Pretty patches,152,0.0004363,0.0003992,ch1,Asus,0.04565,29/06/2023,19951,good/good,37,30,308.3439601,0.13453047,0.9788,NA,NA,NA,NA,NA,NA,Y
131,5,CPRE447,CPRE452,Pretty patches,152,0.0004876,0.0004538,ch4,Asus,0.04791,29/06/2023,19951,good/good,37,30,566.4853339,0.276218249,0.9834,1209.977437,0.589984998,0.994183028,643.4921034,0.31376675,NA,Y
104,6,CPRE447,CPRE452,Pretty patches,171,0.0004818,0.000457,ch3,Asus,0.04551,16/05/2023,19888,good/good,36,30,483.676903,0.233035532,0.9846,1525.556607,0.735013173,0.991678751,1041.879704,0.501977641,NA,Y
131,4,CPRE447,CPRE452,Pretty patches,152,0.0005225,0.000472,ch1,Dell7440,0.0465,29/06/2023,19951,good/good,37,30,511.2422304,0.267124065,0.9914,1395.332932,0.729061457,0.9945145,884.0907018,0.461937392,NA,Y
104,7,CPRE447,CPRE452,Pretty patches,171,0.0005107,0.0004754,ch2,Asus,0.04573,16/05/2023,19888,good/good,36,30,372.7509837,0.190363927,0.9758,1507.603373,0.769933043,0.994853173,1134.85239,0.579569115,NA,Y
104,4,CPRE447,CPRE452,Pretty patches,171,0.0005232,0.0004847,ch1,Dell,0.0465,16/05/2023,19888,good/good,36,30,525.8490029,0.275124198,0.994,1365.551483,0.714456536,0.993330923,839.7024803,0.439332338,NA,Y
104,3,CPRE447,CPRE452,Pretty patches,171,0.0005556,0.0005084,ch2,Dell,0.04593,16/05/2023,19888,good/good,36,30,395.3663394,0.219665538,0.9888,1291.012206,0.717286382,0.991930955,895.6458668,0.497620844,NA,Y
131,3,CPRE447,CPRE452,Pretty patches,152,0.000584,0.0005377,ch2,Dell7440,0.04593,29/06/2023,19951,good/good,37,30,320.4809693,0.187160886,0.9814,949.0909071,0.55426909,0.987194959,628.6099378,0.367108204,NA,Y
104,8,CPRE447,CPRE452,Pretty patches,171,0.0006159,0.0005814,ch1,Asus,0.04565,16/05/2023,19888,good/good,36,30,357.0853298,0.219928855,0.9914,1104.987391,0.680561734,0.985851357,747.902061,0.460632879,NA,Y
131,2,CPRE447,CPRE452,Pretty patches,152,0.0006713,0.0006199,ch3,Dell7440,0.04977,29/06/2023,19951,good/good,37,30,265.6859728,0.178354994,0.974,824.6318586,0.553575367,0.992511312,558.9458858,0.375220373,NA,Y
104,5,CPRE447,CPRE452,Pretty patches,171,0.0008584,0.0008175,ch4,Asus,0.04791,16/05/2023,19888,good/good,36,30,418.4542178,0.359201101,0.9952,1497.498288,1.28545253,0.991658441,1079.04407,0.926251429,NA,Y
110,2,CPRE453,CPRE459,Pretty patches,308,0.000452,0.0004151,ch3,Dell,0.04977,22/05/2023,19888,good/good,36,28.5,363.9009517,0.16448323,0.9946,758.9151807,0.343029662,0.995877474,395.014229,0.178546432,NA,Y
110,5,CPRE453,CPRE459,Pretty patches,308,0.0004963,0.0004387,ch4,Asus,0.04791,22/05/2023,19888,good/good,36,28.5,184.3558184,0.091495793,0.9746,1010.421937,0.501472407,0.993922702,826.0661186,0.409976615,NA,Y
110,6,CPRE453,CPRE459,Pretty patches,308,0.0004944,0.0004603,ch3,Asus,0.04551,22/05/2023,19888,good/good,36,28.5,227.3752133,0.112414305,0.9822,1519.86924,0.751423352,0.997323544,1292.494027,0.639009047,NA,Y
110,4,CPRE453,CPRE459,Pretty patches,308,0.0005214,0.0004768,ch1,Dell,0.0465,22/05/2023,19888,good/good,36,28.5,390.3360341,0.203521208,0.9862,1546.929296,0.806568935,0.981171311,1156.593262,0.603047727,NA,Y
110,3,CPRE453,CPRE459,Pretty patches,308,0.0005948,0.0005603,ch2,Dell,0.04593,22/05/2023,19888,good/good,36,28.5,361.040772,0.214747051,0.9894,791.3729626,0.470708638,0.992203246,430.3321907,0.255961587,check max,Y
110,7,CPRE453,CPRE459,Pretty patches,308,0.000722,0.0007013,ch2,Asus,0.04573,22/05/2023,19888,good/good,36,28.5,315.3281806,0.227666946,0.9912,940.5464383,0.679074528,0.989305308,625.2182577,0.451407582,NA,Y
110,1,CPRE453,CPRE459,Pretty patches,308,0.0007981,0.0007382,ch4,Dell,0.0486,22/05/2023,19888,good/good,36,28.5,301.3976777,0.240545487,0.9824,1133.176522,0.904388182,0.99918788,831.7788447,0.663842696,NA,Y
107,7,CPRE521,CPRE524,Pretty patches,204,0.0003846,0.0003756,ch2,Asus,0.04573,19/05/2023,19888,good/good,36,28.5,543.0903664,0.208872555,0.998,1217.194824,0.468133129,0.996894992,674.1044574,0.259260574,NA,Y
107,6,CPRE521,CPRE524,Pretty patches,204,0.0004617,0.0004246,ch3,Asus,0.04551,19/05/2023,19888,good/good,36,28.5,754.4013564,0.348307106,0.9986,1323.317238,0.610975569,0.998340838,568.9158813,0.262668462,NA,Y
107,8,CPRE521,CPRE524,Pretty patches,204,0.0005079,0.0005104,ch1,Asus,0.04565,19/05/2023,19888,good/good,36,28.5,284.4999233,0.144497511,0.9728,1130.594025,0.574228705,0.997728189,846.0941017,0.429731194,NA,Y
107,2,CPRE521,CPRE524,Pretty patches,204,0.0005646,0.0005289,ch3,Dell,0.04977,19/05/2023,19888,good/good,36,28.5,359.086209,0.202740074,0.9892,980.0821989,0.553354409,0.997543131,620.9959899,0.350614336,NA,Y
107,4,CPRE521,CPRE524,Pretty patches,204,0.0005904,0.0005662,ch1,Dell,0.0465,19/05/2023,19888,good/good,36,28.5,466.7811898,0.275587614,0.9978,810.8822028,0.478744853,0.995668568,344.1010129,0.203157238,NA,Y
107,1,CPRE521,CPRE524,Pretty patches,204,0.0006615,0.0006274,ch4,Dell,0.0486,19/05/2023,19888,good/good,36,28.5,441.4912292,0.292046448,0.9948,934.0347231,0.617863969,0.998019786,492.5434939,0.325817521,check max,Y
107,3,CPRE521,CPRE524,Pretty patches,204,0.0007636,0.000735,ch2,Dell,0.04593,19/05/2023,19888,good/good,36,28.5,384.2661652,0.293425644,0.9948,850.3666797,0.649339997,0.996748318,466.1005144,0.355914353,NA,Y
120,4,CPRE550,CPRE533,Pretty patches,109,0.0004341,0.0004122,ch1,Dell_7440,0.0465,8/06/2023,19887,good/good,36,28.5,361.7895213,0.157052831,0.9906,1265.979411,0.549561662,0.933249095,904.1898894,0.392508831,NA,Y
120,3,CPRE550,CPRE533,Pretty patches,109,0.0004838,0.000452,ch2,Dell_7440,0.04593,8/06/2023,19887,good/good,36,28.5,371.1568595,0.179565689,0.9732,896.2093524,0.433586085,0.994221987,525.0524929,0.254020396,Second cycle used for max,Y
120,5,CPRE550,CPRE533,Pretty patches,109,0.0004984,0.000479,ch4,Asus,0.04791,8/06/2023,19887,good/good,36,28.5,404.173152,0.201439899,0.9686,1211.163852,0.603644064,0.939650081,806.9906995,0.402204165,NA,Y
120,7,CPRE550,CPRE533,Pretty patches,109,0.000533,0.000505,ch2,Asus,0.04573,8/06/2023,19887,good/good,36,28.5,481.718102,0.256755748,0.9834,1103.568259,0.588201882,0.985326299,621.8501572,0.331446134,NA,Y
120,2,CPRE550,CPRE533,Pretty patches,109,0.0005869,0.0005306,ch3,Dell_7440,0.04977,8/06/2023,19887,good/good,36,28.5,295.3611731,0.173347473,0.9866,1240.176234,0.727859432,0.997354924,944.8150607,0.554511959,NA,Y
120,1,CPRE550,CPRE533,Pretty patches,109,0.0006933,0.0006301,ch4,Dell_7440,0.0486,8/06/2023,19887,good/good,36,28.5,324.5468727,0.225008347,0.9904,1373.627942,0.952336252,0.985331695,1049.081069,0.727327905,Second cycle used for max,Y
120,6,CPRE550,CPRE533,Pretty patches,109,0.0007324,0.0006854,ch3,Asus,0.04551,8/06/2023,19887,good/good,36,28.5,472.7075663,0.346211022,0.999,999.2684035,0.731864179,0.994110221,526.5608372,0.385653157,NA,Y
92,5,CSUD002,CSUD213,Sudbury reef,213,0.0003965,0.0003566,ch4,Asus,0.04791,8/05/2023,19892,good/good,36,28.5,422.1727405,0.167391492,0.9762,1350.841762,0.535608759,0.989199043,928.6690216,0.368217267,NA,Y
92,4,CSUD002,CSUD213,Sudbury reef,213,0.0003903,0.0003617,ch1,Dell,0.0465,8/05/2023,19892,good/good,36,28.5,495.6191501,0.193440154,0.9948,1177.743329,0.459673221,0.997154683,682.1241786,0.266233067,check max,Y
92,1,CSUD002,CSUD213,Sudbury reef,213,0.0004642,0.0004284,ch4,Dell,0.0486,8/05/2023,19892,good/good,36,28.5,459.5347856,0.213316047,0.999,1211.018977,0.562155009,0.99896332,751.4841919,0.348838962,NA,Y
92,6,CSUD002,CSUD213,Sudbury reef,213,0.000603,0.0005561,ch3,Asus,0.04551,8/05/2023,19892,good/good,36,28.5,387.956414,0.233937718,0.9884,1340.627925,0.808398638,0.984258512,952.6715106,0.574460921,NA,Y
92,7,CSUD002,CSUD213,Sudbury reef,213,0.0005944,0.0005566,ch2,Asus,0.04573,8/05/2023,19892,good/good,36,28.5,410.5568174,0.244034972,0.98,1001.258588,0.595148105,0.998705033,590.7017705,0.351113132,NA,Y
92,2,CSUD002,CSUD213,Sudbury reef,213,0.0006061,0.0005702,ch3,Dell,0.04977,8/05/2023,19892,good/good,36,28.5,314.6459674,0.190706921,0.9912,1103.289485,0.668703757,0.997523252,788.6435179,0.477996836,NA,Y
92,8,CSUD002,CSUD213,Sudbury reef,213,0.0006489,0.0006006,ch1,Asus,0.04565,8/05/2023,19892,good/good,36,28.5,420.4298625,0.272816938,0.998,962.2186841,0.624383704,0.996648678,541.7888217,0.351566766,NA,Y
92,3,CSUD002,CSUD213,Sudbury reef,213,0.0007843,0.0007299,ch2,Dell,0.04593,8/05/2023,19892,good/good,36,28.5,468.869763,0.367734555,0.9988,1337.687168,1.049148046,0.991942393,868.8174046,0.68141349,NA,Y
63,1,CSUD009,CSUD212,Sudbury reef,278,0.000334,0.000305,ch4,Dell,0.0486,10/04/2023,19900,good/good,36,27,411.9998666,0.137607955,0.9906,817.0643727,0.2728995,0.994699534,405.0645061,0.135291545,NA,Y
63,6,CSUD009,CSUD212,Sudbury reef,278,0.0004074,0.0003961,ch3,Asus,0.04873,10/04/2023,19900,good/good,36,27,357.2556955,0.14554597,0.9862,NA,NA,NA,NA,NA,NA,Y
93,5,CSUD009,CSUD212,Sudbury reef,218,0.000444,0.0004199,ch4,Asus,0.04791,12/05/2023,19888,good/good,36,27,401.5223387,0.178275918,0.9696,1381.220837,0.613262052,0.991904341,979.6984983,0.434986133,NA,Y
93,8,CSUD009,CSUD212,Sudbury reef,218,0.0004548,0.0004315,ch1,Asus,0.04565,12/05/2023,19888,good/good,36,27,NA,NA,NA,957.4584564,0.435452106,0.986594983,NA,NA,NA,N
63,3,CSUD009,CSUD212,Sudbury reef,278,0.0004714,0.0004519,ch2,Dell,0.04593,10/04/2023,19900,good/good,36,27,358.7359118,0.169108109,0.9806,779.7541322,0.367576098,0.99622542,421.0182204,0.198467989,NA,Y
63,7,CSUD009,CSUD212,Sudbury reef,278,0.0005645,0.0005034,ch2,Asus,0.04958,10/04/2023,19900,good/good,36,27,400.4019516,0.226026902,0.9974,987.1758212,0.557260751,0.997078764,586.7738696,0.331233849,NA,Y
93,1,CSUD009,CSUD212,Sudbury reef,218,0.0005603,0.0005173,ch4,Dell,0.0486,12/05/2023,19888,good/good,36,27,390.3156718,0.218693871,0.9876,1128.222264,0.632142935,0.991759047,737.9065924,0.413449064,NA,Y
93,4,CSUD009,CSUD212,Sudbury reef,218,0.0005779,0.000535,ch1,Dell,0.0465,12/05/2023,19888,good/good,36,27,489.3534547,0.282797361,0.999,NA,NA,NA,NA,NA,NA,Y
63,4,CSUD009,CSUD212,Sudbury reef,278,0.0005904,0.0005582,ch1,Dell,0.0465,10/04/2023,19900,good/good,36,27,493.5095208,0.291368021,0.9952,1191.300561,0.703343851,0.997292102,697.7910404,0.41197583,NA,Y
63,2,CSUD009,CSUD212,Sudbury reef,278,0.0006089,0.0005673,ch3,Dell,0.04977,10/04/2023,19900,good/good,36,27,365.8478521,0.222764757,0.996,779.2649712,0.474494441,0.99127346,413.4171191,0.251729684,NA,Y
93,2,CSUD009,CSUD212,Sudbury reef,218,0.0006231,0.0005766,ch3,Dell,0.04977,12/05/2023,19888,good/good,36,27,415.8346212,0.259106552,0.9966,1217.986655,0.758927485,0.992521094,802.152034,0.499820932,NA,Y
93,3,CSUD009,CSUD212,Sudbury reef,218,0.0006556,0.0006054,ch2,Dell,0.04593,12/05/2023,19888,good/good,36,27,355.3041601,0.232937407,0.9946,837.3080464,0.548939155,0.963158451,482.0038863,0.316001748,check max,Y
93,6,CSUD009,CSUD212,Sudbury reef,218,0.000697,0.0006496,ch3,Asus,0.04551,12/05/2023,19888,good/good,36,27,404.0906817,0.281651205,0.988,1228.017458,0.855928168,0.991240586,823.9267764,0.574276963,NA,Y
93,7,CSUD009,CSUD212,Sudbury reef,218,0.0006886,0.0006503,ch2,Asus,0.04573,12/05/2023,19888,good/good,36,27,282.0722953,0.194234983,0.9634,991.7255956,0.682902245,0.976436463,709.6533004,0.488667263,NA,Y
67,6,CSUD013,CSUD017,Sudbury reef,377,0.0003786,0.0003586,ch3,Asus,0.04551,20/04/2023,19894,good/good,36,27,466.0976499,0.17646457,0.994,1092.789892,0.413730253,0.99208418,626.6922421,0.237265683,NA,Y
48,6,CSUD013,CSUD017,Sudbury reef,300,0.000388,0.0003669,ch3,Asus,0.04873,21/03/2023,19901,good/good,36,27,301.2318821,0.11687797,0.9932,966.0603682,0.374831423,0.975418235,664.8284861,0.257953453,NA,Y
48,1,CSUD013,CSUD017,Sudbury reef,300,0.0004185,0.0003932,ch4,Dell,0.04882,21/03/2023,19901,good/good,36,27,296.494172,0.124082811,0.9966,849.8266851,0.355652468,0.968151676,553.3325131,0.231569657,NA,Y
48,3,CSUD013,CSUD017,Sudbury reef,300,0.0004472,0.0004309,ch2,Dell,0.04615,21/03/2023,19901,good/good,36,27,270.4675385,0.120953083,0.9806,928.4456489,0.415200894,0.993220849,657.9781104,0.294247811,check max,Y
48,5,CSUD013,CSUD017,Sudbury reef,300,0.000489,0.0004584,ch4,Asus,0.05068,21/03/2023,19901,good/good,36,27,318.275071,0.15563651,0.9908,959.2471608,0.469071862,0.988362253,640.9720898,0.313435352,NA,Y
48,2,CSUD013,CSUD017,Sudbury reef,300,0.0004897,0.0004639,ch3,Dell,0.04999,21/03/2023,19901,good/good,36,27,215.2189088,0.1053927,0.9866,681.0511532,0.33351075,0.988381757,465.8322444,0.22811805,check max,Y
48,8,CSUD013,CSUD017,Sudbury reef,300,0.0005137,0.0004771,ch1,Asus,0.04565,21/03/2023,19901,good/good,36,27,254.2300036,0.130597953,0.9626,936.5293684,0.481095137,0.988797746,682.2993648,0.350497184,NA,Y
48,7,CSUD013,CSUD017,Sudbury reef,300,0.000491,0.0004915,ch2,Asus,0.04958,21/03/2023,19901,good/good,36,27,276.9793719,0.135996872,0.993,753.7978845,0.370114761,0.988299761,476.8185126,0.23411789,check max,Y
67,3,CSUD013,CSUD017,Sudbury reef,377,0.0005618,0.0005389,ch2,Dell,0.04593,20/04/2023,19894,good/good,36,27,296.5394986,0.16659589,0.9856,854.4725029,0.480042652,0.99407589,557.9330044,0.313446762,NA,Y
67,4,CSUD013,CSUD017,Sudbury reef,377,0.0007015,0.000658,ch1,Dell,0.0465,20/04/2023,19894,good/good,36,27,418.6919385,0.293712395,0.9976,1388.559398,0.974074418,0.997264282,969.8674597,0.680362023,NA,Y
67,2,CSUD013,CSUD017,Sudbury reef,377,0.0007459,0.0006967,ch3,Dell,0.04977,20/04/2023,19894,good/good,36,27,331.2418522,0.247073298,0.9916,1008.269635,0.752068321,0.994078935,677.0277832,0.504995023,Second cycle used for max,Y
67,1,CSUD013,CSUD017,Sudbury reef,377,0.000985,0.0009431,ch4,Dell,0.0486,20/04/2023,19894,good/good,36,27,273.7496963,0.269643451,0.993,965.0717079,0.950595632,0.989693572,691.3220117,0.680952182,Second cycle used for max,Y
67,7,CSUD013,CSUD017,Sudbury reef,377,0.001003,0.0009675,ch2,Asus,0.04573,20/04/2023,19894,good/good,36,27,293.2395196,0.294119238,0.996,922.9277784,0.925696562,0.997969759,629.6882588,0.631577324,"low, but maybe good?",Y
61,4,CSUD016,CSUD078,Sudbury reef,313,0.0005629,0.0005284,ch1,Dell,0.0465,5/04/2023,19900,good/good,36,28.5,558.1486113,0.314181853,0.9958,1224.631762,0.689345219,0.997292411,666.4831511,0.375163366,NA,Y
61,7,CSUD016,CSUD078,Sudbury reef,313,0.0005815,0.0005696,ch2,Asus,0.04958,5/04/2023,19900,good/good,36,28.5,469.609507,0.273077928,0.998,1166.667,0.67841686,0.983400346,697.0574928,0.405338932,NA,Y
61,3,CSUD016,CSUD078,Sudbury reef,313,0.0005932,0.0005741,ch2,Dell,0.04593,5/04/2023,19900,good/good,36,28.5,409.2994953,0.242796461,0.9882,753.6813526,0.447083778,0.9868334,344.3818573,0.204287318,max reliable?,Y
61,6,CSUD016,CSUD078,Sudbury reef,313,0.000613,0.0005912,ch3,Asus,0.04873,5/04/2023,19900,good/good,36,28.5,520.8186975,0.319261862,0.9986,954.7740704,0.585276505,0.990725589,433.955373,0.266014644,NA,Y
61,1,CSUD016,CSUD078,Sudbury reef,313,0.0007238,0.0006471,ch4,Dell,0.0486,5/04/2023,19900,good/good,36,28.5,402.2643104,0.291158908,0.9902,685.6648476,0.496284217,0.998434696,283.4005372,0.205125309,NA,Y
61,2,CSUD016,CSUD078,Sudbury reef,313,0.0007119,0.0006633,ch3,Dell,0.04977,5/04/2023,19900,good/good,36,28.5,333.120729,0.237148647,0.9848,931.3228014,0.663008702,0.99476198,598.2020724,0.425860055,NA,Y
61,5,CSUD016,CSUD078,Sudbury reef,313,0.000934,0.000902,ch4,Asus,0.05068,5/04/2023,19900,good/good,36,28.5,500.9803381,0.467915636,0.9922,1118.653582,1.044822446,0.995526544,617.6732439,0.57690681,NA,Y
88,3,CSUD312,CSUD304,Sudbury reef,266,0.0003772,0.0003585,ch2,Dell,0.04593,6/05/2023,19892,good/good,35,30,450.2469676,0.169833156,0.9782,1526.120663,0.575652714,0.988037373,1075.873695,0.405819558,NA,Y
88,1,CSUD312,CSUD304,Sudbury reef,266,0.0003989,0.0003724,ch4,Dell,0.0486,6/05/2023,19892,good/good,35,30,361.1275454,0.144053778,0.9876,1254.655212,0.500481964,0.987329751,893.5276669,0.356428186,check max,Y
124,7,CSUD312,CSUD304,Sudbury reef,167,0.0004735,0.0004386,ch2,Asus,0.04551,18/06/2023,19882,good/good,36,30,713.4475995,0.337817438,0.994,909.8123515,0.430796148,0.990156587,196.3647521,0.09297871,chamber3 was mistakenly in place of chamber2,Y
88,2,CSUD312,CSUD304,Sudbury reef,266,0.0005029,0.0004633,ch3,Dell,0.04977,6/05/2023,19892,good/good,35,30,391.0957864,0.196682071,0.996,1091.779343,0.549055832,0.995701417,700.6835565,0.352373761,NA,Y
88,5,CSUD312,CSUD304,Sudbury reef,266,0.0004935,0.0004679,ch4,Asus,0.04791,6/05/2023,19892,good/good,35,30,479.7174458,0.236740559,0.991,1481.373506,0.731057825,0.996439008,1001.65606,0.494317266,NA,Y
88,8,CSUD312,CSUD304,Sudbury reef,266,0.0005035,0.0004882,ch1,Asus,0.04565,6/05/2023,19892,good/good,35,30,394.7517234,0.198757493,0.9932,1437.433729,0.723747882,0.990996368,1042.682005,0.52499039,NA,Y
88,6,CSUD312,CSUD304,Sudbury reef,266,0.0005199,0.0005024,ch3,Asus,0.04551,6/05/2023,19892,good/good,35,30,514.8425993,0.267666667,0.9858,1777.311132,0.924024058,0.994396532,1262.468533,0.65635739,NA,Y
88,4,CSUD312,CSUD304,Sudbury reef,266,0.0005546,0.0005203,ch1,Dell,0.0465,6/05/2023,19892,good/good,35,30,450.6459256,0.24992823,0.9934,1543.853971,0.856221413,0.994676334,1093.208046,0.606293182,NA,Y
124,4,CSUD312,CSUD304,Sudbury reef,167,0.0006247,0.0005655,ch1,Dell_7440,0.0465,18/06/2023,19882,good/good,36,30,459.9629769,0.287338872,0.9856,872.9941867,0.545359468,0.994965632,413.0312097,0.258020597,Second cycle used for max,Y
124,6,CSUD312,CSUD304,Sudbury reef,167,0.0006241,0.0005729,ch3,Asus,0.04565,18/06/2023,19882,good/good,36,30,462.3966728,0.288581763,0.9808,1501.834917,0.937295172,0.99239837,1039.438245,0.648713408,Chamber1 was mistakenly in position of chamber3,Y
124,5,CSUD312,CSUD304,Sudbury reef,167,0.0006148,0.0005737,ch4,Asus,0.04791,18/06/2023,19882,good/good,36,30,511.6719197,0.314575896,0.989,1341.710557,0.824883651,0.990699363,830.0386375,0.510307754,Lots of slopes removed for max,Y
88,7,CSUD312,CSUD304,Sudbury reef,266,0.0006097,0.0005749,ch2,Asus,0.04573,6/05/2023,19892,good/good,35,30,500.2174941,0.304982606,0.9878,1092.314604,0.665984214,0.997949803,592.0971102,0.361001608,NA,Y
124,3,CSUD312,CSUD304,Sudbury reef,167,0.0006752,0.0006414,ch2,Dell_7440,0.04593,18/06/2023,19882,good/good,36,30,453.8830806,0.306461856,0.986,980.6662862,0.662145876,0.982990142,526.7832056,0.35568402,Second cycle used for max,Y
124,8,CSUD312,CSUD304,Sudbury reef,167,0.0007193,0.0006623,ch1,Asus,0.04573,18/06/2023,19882,good/good,36,30,297.5472527,0.214025739,0.9766,956.6954914,0.688151067,0.98080971,659.1482388,0.474125328,Chamber2 was mistakenly in place of chamber1,Y
124,1,CSUD312,CSUD304,Sudbury reef,167,0.0007281,0.0006732,ch4,Dell_7440,0.0486,18/06/2023,19882,good/good,36,30,428.3504892,0.311881991,0.9844,1310.926962,0.954485921,0.979313016,882.5764731,0.64260393,Second cycle used for max,Y
124,2,CSUD312,CSUD304,Sudbury reef,167,0.0008265,0.0007826,ch3,Dell_7440,0.04977,18/06/2023,19882,good/good,36,30,361.2972108,0.298612145,0.9852,967.2758846,0.799453519,0.998385473,605.9786738,0.500841374,Third cycle used for max,Y
49,2,CVLA049,CVLA098,Vlassof cay,109,0.0004363,0.0003727,ch3,Asus,0.04873,16/03/2023,19901,good/good,36,28.5,334.6260094,0.145997328,0.991,1010.430054,0.440850632,0.996388854,675.8040442,0.294853304,NA,Y
62,4,CVLA049,CVLA098,Vlassof cay,212,0.0004029,0.0003801,ch1,Dell,0.0465,8/04/2023,19900,good/good,36,28.5,463.4650167,0.186730055,0.9854,NA,NA,NA,NA,NA,max reliable?,Y
62,3,CVLA049,CVLA098,Vlassof cay,212,0.0003932,0.0003814,ch2,Dell,0.04593,8/04/2023,19900,good/good,36,28.5,292.7851842,0.115123134,0.989,NA,NA,NA,NA,NA,max reliable?,Y
49,7,CVLA049,CVLA098,Vlassof cay,109,0.0004056,0.0003832,ch2,Dell,0.04615,16/03/2023,19901,good/good,36,28.5,396.63843,0.1608765,0.984,888.8648803,0.360523595,0.991828862,492.2264503,0.199647095,NA,Y
49,5,CVLA049,CVLA098,Vlassof cay,109,0.0004168,0.000395,ch4,Dell,0.04882,16/03/2023,19901,good/good,36,28.5,233.9313159,0.097502572,0.962,803.1015914,0.334732743,0.949606744,569.1702755,0.237230171,low signal; reliable?,Y
49,4,CVLA049,CVLA098,Vlassof cay,109,0.0004561,0.000419,ch1,Asus,0.04565,16/03/2023,19901,good/good,36,28.5,205.4599652,0.09371029,0.9714,819.5482532,0.373795958,0.99366584,614.088288,0.280085668,check max; probe got bumped; reliable?,Y
49,1,CVLA049,CVLA098,Vlassof cay,109,0.0005078,0.000469,ch4,Asus,0.05068,16/03/2023,19901,good/good,36,28.5,346.1774848,0.175788927,0.9788,899.7670926,0.45690173,0.979702528,553.5896078,0.281112803,NA,Y
62,2,CVLA049,CVLA098,Vlassof cay,212,0.000566,0.0004992,ch3,Dell,0.04977,8/04/2023,19900,good/good,36,28.5,337.4126288,0.190975548,0.988,1227.395666,0.694705947,0.991169616,889.9830369,0.503730399,NA,Y
62,1,CVLA049,CVLA098,Vlassof cay,212,0.0006221,0.0006058,ch4,Dell,0.0486,8/04/2023,19900,good/good,36,28.5,358.0455416,0.222740131,0.9954,745.412,0.4637208,0.9935836,387.3664,0.2409807,check max,Y
62,7,CVLA049,CVLA098,Vlassof cay,212,0.0006655,0.0006184,ch2,Asus,0.04958,8/04/2023,19900,good/good,36,28.5,254.1202166,0.169117004,0.998,1115.770561,0.742545308,0.997294599,861.6503442,0.573428304,NA,Y
58,7,CVLA089,CVLA059,Vlassof cay,370,0.000339,0.0003286,ch2,Asus,0.04958,29/03/2023,19901,good/good,36,30,223.4412016,0.075746567,0.9776,1054.265081,0.357395862,0.997605539,830.823879,0.281649295,NA,Y
58,8,CVLA089,CVLA059,Vlassof cay,370,0.0005429,0.0005149,ch1,Asus,0.04565,29/03/2023,19901,good/good,36,30,379.146502,0.205838636,0.9954,865.7581869,0.47002012,0.994525975,486.6116849,0.264181484,NA,Y
58,6,CVLA089,CVLA059,Vlassof cay,370,0.000584,0.0005713,ch3,Asus,0.04873,29/03/2023,19901,good/good,36,30,411.6342592,0.240394407,0.9842,1009.517496,0.589558218,0.986702511,597.8832372,0.349163811,NA,Y
58,3,CVLA089,CVLA059,Vlassof cay,370,0.000627,0.0006021,ch2,Dell,0.04593,29/03/2023,19901,good/good,36,30,403.7071911,0.253124409,0.9946,916.4836545,0.574635251,0.992938516,512.7764635,0.321510843,NA,Y
58,1,CVLA089,CVLA059,Vlassof cay,370,0.0006745,0.000621,ch4,Dell,0.0486,29/03/2023,19901,good/good,36,30,476.7233707,0.321549914,0.998,782.5679761,0.5278421,0.996735005,305.8446054,0.206292186,Third cycle used; resting may not be reliable,Y
58,2,CVLA089,CVLA059,Vlassof cay,370,0.0006702,0.0006316,ch3,Dell,0.04977,29/03/2023,19901,good/good,36,30,181.2615657,0.121481501,0.9886,883.4869232,0.592112936,0.992204737,702.2253575,0.470631435,NA,Y
58,4,CVLA089,CVLA059,Vlassof cay,370,0.0006959,0.0006366,ch1,Dell,0.0465,29/03/2023,19901,good/good,36,30,350.999807,0.244260766,0.9936,1141.076454,0.794075104,0.998332169,790.0766466,0.549814338,NA,Y
116,5,CVLA102,CVLA466,Vlassof Cay,320,0.0008458,0.0006193,ch4,Asus,0.04791,7/06/2023,19887,good/good,37,27,448.0284989,0.378942504,0.9964,972.9236332,0.822898809,0.97984191,524.8951342,0.443956305,NA,Y
116,6,CVLA102,CVLA466,Vlassof Cay,320,0.0007478,0.0006768,ch3,Asus,0.04551,7/06/2023,19887,good/good,37,27,399.0255788,0.298391328,0.997,1059.787133,0.792508818,0.993725322,660.7615546,0.494117491,NA,Y
116,3,CVLA102,CVLA466,Vlassof Cay,320,0.0007448,0.0006796,ch2,Dell_7440,0.04593,7/06/2023,19887,good/good,37,27,427.1571955,0.318146679,0.9974,1086.915269,0.809534492,0.989996493,659.7580735,0.491387813,NA,Y
116,2,CVLA102,CVLA466,Vlassof Cay,320,0.0007642,0.000709,ch3,Dell_7440,0.04977,7/06/2023,19887,good/good,37,27,393.5833718,0.300776413,0.996,1018.389025,0.778252893,0.980013674,624.8056534,0.47747648,is this max?,Y
116,7,CVLA102,CVLA466,Vlassof Cay,320,0.0008312,0.0007694,ch2,Asus,0.04573,7/06/2023,19887,good/good,37,27,361.4914279,0.300471675,0.9958,977.903653,0.812833516,0.986658907,616.412225,0.512361841,NA,Y
116,4,CVLA102,CVLA466,Vlassof Cay,320,0.000821,0.0007715,ch1,Dell_7440,0.0465,7/06/2023,19887,good/good,37,27,417.4959889,0.342764207,0.9846,986.1177986,0.809602713,0.98262636,568.6218097,0.466838506,NA,Y
54,6,CVLA106,CVLA091,Vlassof Cay,272,0.00017,0.0001526,ch3,Dell,0.04999,24/03/2023,19901,good/good,36,30,359.5422604,0.061122184,0.9568,923.9410793,0.157069983,0.983838023,564.3988189,0.095947799,NA,Y
54,5,CVLA106,CVLA091,Vlassof Cay,272,0.000279,0.0002417,ch4,Dell,0.04882,24/03/2023,19901,good/good,36,30,352.0251806,0.098215025,0.9852,1181.035646,0.329508945,0.996424714,829.0104657,0.23129392,NA,Y
54,7,CVLA106,CVLA091,Vlassof Cay,272,0.0003713,0.000335,ch2,Dell,0.04615,24/03/2023,19901,good/good,36,30,368.3476355,0.136767477,0.9806,1207.619774,0.448389222,0.995002408,839.2721383,0.311621745,NA,Y
54,4,CVLA106,CVLA091,Vlassof Cay,272,0.0003923,0.0003835,ch1,Asus,0.04565,24/03/2023,19901,good/good,36,30,374.9970096,0.147111327,0.991,896.6781111,0.351766823,0.979362399,521.6811015,0.204655496,NA,Y
71,3,CVLA106,CVLA091,Vlassof cay,367,0.0004482,0.0004092,ch2,Dell,0.04593,15/04/2023,19894,good/good,36,30,393.7344861,0.176471797,0.9916,1061.785819,0.475892404,0.987472148,668.0513333,0.299420608,NA,N
71,7,CVLA106,CVLA091,Vlassof cay,367,0.0004778,0.0004517,ch2,Asus,0.04958,15/04/2023,19894,good/good,36,30,560.6970147,0.267901034,0.9978,1410.377619,0.673878426,0.987797132,849.6806045,0.405977393,NA,N
54,1,CVLA106,CVLA091,Vlassof Cay,272,0.0005182,0.0004961,ch4,Asus,0.05068,24/03/2023,19901,good/good,36,30,390.4774529,0.202345416,0.9798,778.8253925,0.403587318,0.984719781,388.3479397,0.201241902,NA,Y
71,5,CVLA106,CVLA091,Vlassof cay,367,0.0005515,0.0005171,ch4,Asus,0.05068,15/04/2023,19894,good/good,36,30,487.9498094,0.26910432,0.9958,1200.05447,0.66183004,0.993381348,712.1046611,0.392725721,NA,N
71,6,CVLA106,CVLA091,Vlassof cay,367,0.0005471,0.0005334,ch3,Asus,0.04873,15/04/2023,19894,good/good,36,30,473.1232316,0.25884572,0.995,1327.105606,0.726059477,0.990740531,853.9823748,0.467213757,check max,Y
54,3,CVLA106,CVLA091,Vlassof Cay,272,0.0005923,0.0005351,ch2,Asus,0.04958,24/03/2023,19901,good/good,36,30,512.8500398,0.303761079,0.9874,1531.696378,0.907223765,0.994779308,1018.846339,0.603462686,NA,Y
54,2,CVLA106,CVLA091,Vlassof Cay,272,0.0006097,0.0005788,ch3,Asus,0.04873,24/03/2023,19901,good/good,36,30,439.4558131,0.267936209,0.9854,974.9009789,0.594397127,0.990688285,535.4451658,0.326460918,Secoond cycle used for max,Y
71,2,CVLA106,CVLA091,Vlassof cay,367,0.0006604,0.0006036,ch3,Dell,0.04977,15/04/2023,19894,good/good,36,30,322.5943032,0.213041278,0.988,977.9777413,0.6458565,0.99798875,655.383438,0.432815222,Second cycle used for max,Y
71,4,CVLA106,CVLA091,Vlassof cay,367,0.0006785,0.0006408,ch1,Dell,0.0465,15/04/2023,19894,good/good,36,30,560.1371047,0.380053026,0.9978,1146.471116,0.777880652,0.998420465,586.334011,0.397827626,NA,Y
54,8,CVLA106,CVLA091,Vlassof Cay,272,0.0006997,0.0006577,ch1,Dell,0.04672,24/03/2023,19901,good/good,36,30,398.2943644,0.278686567,0.9908,1133.265646,0.792945972,0.995866907,734.9712814,0.514259406,NA,Y
71,1,CVLA106,CVLA091,Vlassof cay,367,0.0006948,0.0006636,ch4,Dell,0.0486,15/04/2023,19894,good/good,36,30,429.1230357,0.298154685,0.9966,1090.905703,0.757961283,0.990153658,661.7826677,0.459806598,check max,Y
111,4,CVLA468,CVLA477,Vlassof Cay,321,0.0004172,0.0003881,ch1,Dell,0.0465,23/05/2023,19888,good/good,36,27,360.8033862,0.150527173,0.9688,1064.502392,0.444110398,0.973563554,703.6990053,0.293583225,NA,Y
111,3,CVLA468,CVLA477,Vlassof Cay,321,0.0004492,0.0004131,ch2,Dell,0.04593,23/05/2023,19888,good/good,36,27,308.9877098,0.138797279,0.979,888.299291,0.399024042,0.960231366,579.3115812,0.260226762,initial drop due to signal may void max,Y
111,2,CVLA468,CVLA477,Vlassof Cay,321,0.0004925,0.0004535,ch3,Dell,0.04977,23/05/2023,19888,good/good,36,27,284.1528106,0.139945259,0.9876,932.081794,0.459050284,0.979206099,647.9289834,0.319105024,too low NOT RELIABLE,Y
111,6,CVLA468,CVLA477,Vlassof Cay,321,0.0004788,0.0004555,ch3,Asus,0.04551,23/05/2023,19888,good/good,36,27,326.0639713,0.156119429,0.9784,921.6701083,0.441295648,0.992995904,595.6061369,0.285176218,NA,Y
111,8,CVLA468,CVLA477,Vlassof Cay,321,0.0004815,0.0004691,ch1,Asus,0.04565,23/05/2023,19888,good/good,36,27,312.3739448,0.150408054,0.9774,894.020864,0.430471046,0.99448056,581.6469191,0.280062992,NA,Y
111,7,CVLA468,CVLA477,Vlassof Cay,321,0.0005121,0.000486,ch2,Asus,0.04573,23/05/2023,19888,good/good,36,27,404.8070897,0.207301711,0.9752,1031.841342,0.528405951,0.989325839,627.034252,0.32110424,NA,Y
111,5,CVLA468,CVLA477,Vlassof Cay,321,0.0005521,0.0005062,ch4,Asus,0.04791,23/05/2023,19888,good/good,36,27,356.4800746,0.196812649,0.9774,841.5321773,0.464609915,0.991751554,485.0521027,0.267797266,NA,Y
132,8,CVLA468,CVLA477,Vlassof reef,129,0.0006201,0.0005907,ch1,Asus,0.04565,30/06/2023,19951,good/good,35,27,334.7271769,0.207564322,0.977,788.6961904,0.489070508,0.994294734,453.9690135,0.281506185,NA,Y
132,2,CVLA468,CVLA477,Vlassof reef,129,0.000644,0.0005982,ch3,Dell7440,0.04977,30/06/2023,19951,good/good,35,27,435.100399,0.280204657,0.9952,973.8341353,0.627149183,0.996991114,538.7337363,0.346944526,NA,Y
132,7,CVLA468,CVLA477,Vlassof reef,129,0.0006482,0.0006139,ch2,Asus,0.04573,30/06/2023,19951,good/good,35,27,192.4802534,0.1247657,0.969,847.3174761,0.549231188,0.998394074,654.8372227,0.424465488,NA,Y
132,4,CVLA468,CVLA477,Vlassof reef,129,0.0007394,0.0007052,ch1,Dell7440,0.0465,30/06/2023,19951,good/good,35,27,472.9678237,0.349712409,0.9892,NA,NA,NA,NA,NA,NA,Y
132,5,CVLA468,CVLA477,Vlassof reef,129,0.0008452,0.000819,ch4,Asus,0.04791,30/06/2023,19951,good/good,35,27,757.2570297,0.640033641,0.9978,1963.34884,1.659422439,0.994647595,1206.09181,1.019388798,NA,Y
132,3,CVLA468,CVLA477,Vlassof reef,129,0.0009007,0.000842,ch2,Dell7440,0.04593,30/06/2023,19951,good/good,35,27,NA,NA,NA,771.8846715,0.695236524,0.993973308,NA,NA,NA,N
129,2,CVLA486,CVLA463,Vlassof,216,0.0005405,0.0004976,ch3,Dell7440,0.04977,28/06/2023,19951,good/good,36,27,264.4468942,0.142933546,0.9822,810.8180615,0.438247162,0.99535748,546.3711673,0.295313616,NA,Y
129,3,CVLA486,CVLA463,Vlassof,216,0.0006386,0.000609,ch2,Dell7440,0.04593,28/06/2023,19951,good/good,36,27,444.1947988,0.283662799,0.9936,NA,NA,NA,NA,NA,NA,Y
129,6,CVLA486,CVLA463,Vlassof,216,0.0006426,0.0006213,ch3,Asus,0.04551,28/06/2023,19951,good/good,36,27,285.1313141,0.183225382,0.9876,NA,NA,NA,NA,NA,NA,Y
129,5,CVLA486,CVLA463,Vlassof,216,0.0006779,0.0006371,ch4,Asus,0.04791,28/06/2023,19951,good/good,36,27,301.0370025,0.204072984,0.9846,NA,NA,NA,NA,NA,NA,Y
129,8,CVLA486,CVLA463,Vlassof,216,0.0007104,0.0006439,ch1,Asus,0.04565,28/06/2023,19951,good/good,36,27,367.1625759,0.260832294,0.9954,1254.250325,0.891019431,0.986859214,887.0877496,0.630187137,NA,Y
129,1,CVLA486,CVLA463,Vlassof,216,0.0007269,0.0006828,ch4,Dell7440,0.0486,28/06/2023,19951,good/good,36,27,284.7125416,0.206957547,0.9838,835.8691522,0.607593287,0.996456069,551.1566106,0.40063574,NA,Y
129,7,CVLA486,CVLA463,Vlassof,216,0.0007666,0.000722,ch2,Asus,0.04573,28/06/2023,19951,good/good,36,27,302.9468184,0.232239031,0.9878,761.750419,0.583957871,0.993705222,458.8036006,0.35171884,NA,Y
117,4,CVLA498,CVLA493,Vlassof Cay,273,0.0003842,0.0003466,ch1,Dell,0.0465,28/05/2023,19887,good/good,36,30,482.06988,0.185211248,0.992,1590.94329,0.611240412,0.982045136,1108.87341,0.426029164,NA,Y
117,6,CVLA498,CVLA493,Vlassof Cay,273,0.0003953,0.0003632,ch3,Asus,0.04551,28/05/2023,19887,good/good,36,30,482.5085293,0.190735622,0.9888,1819.479711,0.71924033,0.985835496,1336.971182,0.528504708,NA,Y
117,7,CVLA498,CVLA493,Vlassof Cay,273,0.0004676,0.0004353,ch2,Asus,0.04573,28/05/2023,19887,good/good,36,30,586.5404705,0.274266324,0.975,1962.207113,0.917528046,0.998032944,1375.666643,0.643261722,NA,Y
117,3,CVLA498,CVLA493,Vlassof Cay,273,0.0005162,0.0004493,ch2,Dell,0.04593,28/05/2023,19887,good/good,36,30,441.0727248,0.227681741,0.9928,990.8682395,0.511486185,0.994484712,549.7955147,0.283804445,NA,Y
117,1,CVLA498,CVLA493,Vlassof Cay,273,0.0005585,0.0005086,ch4,Dell,0.0486,28/05/2023,19887,good/good,36,30,336.7958919,0.188100506,0.9864,1260.280656,0.703866746,0.991351719,923.4847642,0.515766241,Is this max?,Y
117,5,CVLA498,CVLA493,Vlassof Cay,273,0.0005868,0.0005437,ch4,Asus,0.04791,28/05/2023,19887,good/good,36,30,409.1672842,0.240099362,0.9884,900.4264069,0.528370216,0.963997204,491.2591226,0.288270853,NA,Y
